0,1,2,3,4,5,6,7,8,9,10,11,12,13,14,15,16,17,18,19,20,21,22,23,24,25,26,27,28,29,30,31,32,33,34,35,36,37,38,39,40,41,output
559,521,506,520,541,531,546,547,548,563,571,566,561,589,593,586,581,610,610,602,597,53,75,110,141,160,149,206,225,227,150,213,219,212,146,205,208,199,140,189,196,192,hello
136,189,239,275,298,235,263,279,294,212,240,260,278,182,207,224,239,148,167,181,195,359,369,354,332,306,266,223,196,172,249,202,172,146,242,195,167,143,243,205,182,161,hello
167,230,285,324,353,297,332,353,372,278,316,342,366,252,286,310,333,218,247,265,284,335,341,330,310,291,249,215,190,168,228,189,165,143,216,178,154,132,211,179,160,142,hello
143,199,254,295,321,267,303,323,341,249,286,309,330,225,257,278,297,196,220,239,257,316,323,307,286,267,227,194,173,152,210,171,149,128,200,161,137,116,196,166,148,131,hello
126,187,236,274,290,228,253,267,279,205,233,251,267,179,202,219,234,148,166,179,194,322,320,295,266,237,212,168,140,114,196,148,117,89,191,145,117,92,193,158,135,114,hello
154,209,261,299,324,262,291,307,320,241,273,292,308,216,243,262,278,185,206,221,236,320,324,306,280,258,223,184,158,134,206,161,133,109,199,154,128,104,198,163,142,122,hello
156,211,262,300,325,266,296,312,326,246,278,299,318,220,249,268,286,189,210,226,243,315,320,303,279,256,223,186,161,139,206,163,136,112,197,155,130,108,195,161,141,123,hello
154,214,258,287,300,236,252,261,268,211,229,242,252,183,198,210,221,153,165,175,186,318,309,274,241,214,196,149,119,92,184,132,99,71,183,132,103,77,189,150,126,103,hello
170,227,276,309,329,267,290,301,311,244,268,283,296,217,238,252,265,187,203,215,226,321,320,297,268,242,213,171,144,117,197,149,119,92,193,145,117,91,196,158,134,112,hello
179,236,288,325,349,283,310,324,335,261,291,309,323,235,261,278,293,204,224,238,254,317,322,301,274,252,218,176,148,123,201,152,122,96,194,147,120,97,193,156,135,115,hello
177,234,284,321,346,282,309,322,334,260,289,308,324,234,258,275,291,203,221,236,251,313,317,299,273,250,214,172,145,119,196,148,118,93,189,143,116,93,189,153,132,112,hello
179,237,287,325,349,286,312,326,338,263,293,311,327,237,263,281,297,206,225,240,256,309,313,295,269,245,211,169,143,118,194,147,117,92,187,142,115,92,187,151,129,109,hello
184,241,291,328,353,290,317,331,343,268,298,316,332,242,268,286,302,211,230,246,262,306,311,293,267,243,210,169,142,119,193,146,116,93,185,140,113,91,184,149,127,108,hello
185,242,292,328,353,290,317,331,343,268,298,317,333,242,268,286,302,211,231,246,262,304,309,291,265,241,207,167,140,116,190,143,114,90,183,138,111,89,182,147,125,106,hello
197,253,304,341,361,302,330,344,356,281,309,328,344,255,280,297,313,225,244,259,273,301,307,289,265,241,206,166,140,117,190,144,115,91,182,138,111,89,181,146,125,105,hello
236,294,344,382,405,346,376,391,404,327,358,377,392,302,329,347,363,271,292,307,323,288,293,280,260,237,200,163,141,120,183,141,114,91,174,133,109,88,171,139,120,102,hello
276,335,386,420,445,391,420,435,450,373,404,423,440,350,377,395,412,320,341,357,373,272,280,273,253,234,194,162,142,125,177,139,116,96,166,129,107,89,162,132,115,100,hello
307,366,416,452,471,423,455,473,490,407,441,463,482,386,416,437,455,360,383,400,417,249,262,259,244,226,182,152,131,113,163,128,105,86,150,117,97,80,143,117,101,87,hello
326,380,427,460,486,434,466,483,499,418,452,474,493,397,427,448,467,369,392,409,425,232,247,240,219,202,161,130,109,91,143,107,83,65,131,94,73,55,124,95,77,63,hello
329,384,432,463,486,438,469,486,501,421,454,476,494,399,427,447,465,371,393,409,425,227,243,233,213,195,153,120,98,79,134,95,71,52,123,84,63,45,117,86,69,55,hello
303,355,400,433,457,399,425,439,453,381,410,429,447,358,385,403,420,330,349,363,377,248,252,235,214,199,154,118,98,81,140,98,75,55,133,91,68,48,132,98,78,60,hello
149,199,235,259,269,201,209,212,214,177,185,191,196,151,156,162,166,123,127,132,137,305,290,254,221,195,186,140,111,85,179,129,94,65,182,133,103,76,194,155,130,107,hello
114,165,200,223,231,161,166,168,168,134,139,143,145,107,110,115,118,80,82,85,89,316,294,253,217,188,186,139,110,83,181,127,93,63,185,135,105,79,198,160,136,114,hello
97,147,182,204,213,145,150,151,151,117,122,125,127,91,93,96,100,64,65,68,73,304,282,242,206,175,173,125,96,68,168,115,81,52,173,123,93,66,187,147,124,102,hello
84,135,171,193,200,131,136,137,137,103,107,111,114,77,79,83,87,51,51,55,60,296,273,235,197,166,167,120,91,64,162,109,76,48,167,118,87,61,181,142,118,96,hello
80,128,163,185,195,126,131,132,133,100,104,107,110,75,77,80,84,48,49,52,56,293,271,236,200,170,169,125,96,70,164,114,81,53,169,122,94,68,182,145,122,100,hello
101,149,183,204,211,151,158,160,161,127,134,138,140,103,107,111,115,77,80,85,91,309,287,253,220,191,188,143,117,92,183,133,102,75,187,140,112,88,198,161,139,118,hello
131,176,207,225,232,178,185,186,186,153,162,165,168,129,135,139,143,104,108,112,118,367,356,324,291,267,257,212,190,169,251,201,175,153,256,210,186,165,269,236,216,197,hello
155,201,234,252,259,202,211,213,215,176,186,192,197,151,158,164,170,126,130,135,142,422,413,383,348,320,313,266,241,217,307,252,223,199,310,260,233,209,322,283,260,240,hello
163,211,244,265,274,214,222,225,228,190,199,204,208,166,173,179,184,139,145,150,157,451,434,394,359,331,328,282,255,230,321,270,237,210,325,276,247,221,336,298,274,252,hello
167,216,250,272,279,219,227,230,231,196,204,209,214,172,178,184,189,147,151,156,162,456,437,399,363,332,328,284,257,230,322,273,241,212,326,279,250,224,338,301,277,253,hello
169,218,251,271,279,224,231,234,236,199,207,212,217,175,181,187,192,149,153,158,164,457,439,398,361,331,331,286,258,233,325,274,242,214,328,280,251,224,340,302,278,255,hello
174,223,253,268,270,234,243,247,249,209,219,226,231,184,193,201,208,158,164,171,178,453,436,394,354,323,329,284,256,231,322,271,239,212,324,275,246,220,334,296,272,250,hello
205,254,285,298,299,268,280,286,290,246,259,267,273,223,234,241,248,198,206,213,219,440,425,386,349,322,322,281,255,231,314,266,237,212,314,269,243,219,324,288,265,245,hello
243,293,326,340,345,310,325,332,337,289,305,314,321,267,281,290,298,241,251,259,267,436,425,385,350,323,321,280,255,233,312,265,236,210,311,267,241,218,318,282,261,241,hello
286,338,371,384,389,363,380,387,392,342,361,371,380,320,336,346,356,293,305,314,324,428,420,383,347,319,319,281,256,234,308,263,236,211,305,261,236,212,310,275,254,233,hello
306,357,392,404,412,382,399,409,415,363,382,392,402,342,357,368,378,317,329,338,348,424,418,385,348,319,321,282,257,233,309,264,236,211,305,261,235,212,309,273,252,232,hello
307,358,391,406,414,384,402,411,416,365,384,396,405,343,359,371,381,319,330,340,351,429,423,389,353,324,327,287,261,238,314,269,240,214,310,266,240,215,314,279,257,236,hello
311,363,397,410,418,387,405,413,419,368,387,398,407,346,362,372,382,321,333,342,352,433,425,391,353,324,328,288,262,238,316,271,241,215,312,268,240,215,317,281,259,237,hello
353,405,442,453,461,442,457,464,468,420,438,447,454,396,411,421,430,366,378,388,397,426,423,396,359,330,326,285,260,240,314,270,243,221,311,268,243,221,315,279,257,235,hello
408,458,493,507,517,495,515,525,534,479,501,516,529,459,480,495,509,433,448,460,473,426,428,396,364,339,333,298,275,254,319,277,252,229,311,271,248,227,310,277,258,241,hello
439,491,523,539,548,526,545,554,561,513,534,546,556,495,514,525,536,471,487,498,508,436,437,404,371,348,343,306,283,262,328,286,260,239,321,279,256,234,320,286,266,247,hello
427,477,510,523,534,512,531,542,550,497,519,532,543,479,499,512,523,456,473,484,496,445,445,412,380,356,349,311,287,266,336,293,266,244,329,288,263,241,330,295,274,254,hello
402,437,461,467,467,454,459,474,488,433,448,467,482,408,424,447,465,380,391,410,428,398,397,383,369,356,307,260,245,241,298,248,236,236,298,253,246,251,306,271,257,255,hello
390,436,470,474,470,460,468,478,486,441,451,465,473,421,433,446,455,396,407,417,425,432,427,400,368,343,320,273,251,236,313,263,245,236,312,267,251,242,319,282,262,246,hello
274,318,343,350,354,324,334,340,343,303,314,321,326,282,289,297,303,258,263,269,275,360,351,313,277,250,259,218,193,171,251,205,177,153,251,207,181,159,258,223,202,184,hello
264,308,328,333,334,308,315,318,318,287,294,299,302,267,271,276,281,245,247,251,257,352,338,298,260,233,243,203,178,155,235,190,162,138,237,192,167,145,246,211,190,172,hello
269,314,339,344,346,318,326,329,330,297,305,310,315,277,283,288,292,255,258,262,268,349,335,297,261,233,242,203,179,158,234,190,163,140,234,192,167,145,241,207,187,168,hello
292,341,372,383,389,359,375,381,386,340,356,364,371,319,332,341,349,294,303,312,320,325,315,286,255,229,229,196,177,158,219,180,159,139,216,179,159,141,219,190,173,157,hello
309,363,399,416,427,392,412,422,431,375,395,408,419,355,372,384,395,331,345,356,366,294,286,263,232,207,208,177,158,139,195,161,139,120,189,156,136,120,189,161,146,132,hello
321,370,406,423,434,403,424,435,444,386,409,421,433,367,386,399,411,344,358,369,382,271,273,252,222,198,195,167,149,132,182,149,129,112,175,143,125,110,174,147,133,121,hello
322,372,406,423,434,401,423,435,444,385,408,422,433,366,385,398,410,344,359,371,382,274,276,257,226,202,203,173,153,136,189,155,134,117,182,148,129,115,179,152,137,123,hello
314,362,396,413,424,394,415,426,436,377,400,414,426,358,378,391,403,334,349,360,370,272,276,256,226,203,202,172,153,136,188,155,133,117,181,149,130,116,179,153,138,125,hello
281,329,364,381,387,360,380,390,399,343,364,378,389,323,342,355,366,299,312,323,334,270,270,249,219,194,197,166,146,130,184,149,127,109,178,144,124,108,177,150,135,121,hello
229,274,313,330,334,316,330,337,343,297,314,324,333,275,293,305,314,249,264,274,284,269,271,241,209,182,190,155,133,114,177,141,119,102,172,138,120,106,172,145,131,118,hello
142,182,212,227,224,207,221,227,232,189,205,213,220,169,183,192,200,146,157,166,175,254,243,212,178,151,161,124,100,78,153,114,89,66,153,116,93,73,157,129,110,94,hello
111,158,188,202,194,178,191,196,200,158,172,180,187,136,148,157,165,111,122,130,138,255,240,210,173,144,160,121,95,71,152,110,81,57,152,113,89,69,157,127,109,92,hello
109,153,181,194,190,171,182,187,191,151,163,170,178,129,140,148,156,104,114,122,130,256,240,210,173,142,158,120,95,72,151,110,82,58,151,113,90,70,157,127,110,94,hello
113,157,190,205,199,183,197,202,207,165,179,187,193,143,157,165,172,118,130,138,145,261,249,220,183,152,168,130,105,81,159,118,91,67,157,118,94,73,162,131,113,96,hello
127,172,211,238,245,223,246,259,269,207,233,249,262,187,212,228,241,161,182,196,208,258,259,240,212,183,184,150,127,106,170,134,111,90,162,129,108,89,160,133,117,102,hello
147,189,231,264,278,257,291,311,328,245,282,304,324,227,260,281,300,203,229,247,265,238,248,239,219,194,188,162,146,130,171,142,124,108,159,132,116,102,151,130,119,109,hello
160,200,244,277,300,275,311,332,350,266,305,328,349,250,286,308,328,226,255,273,292,228,242,237,220,199,189,168,153,140,171,147,131,117,158,133,119,107,148,128,118,109,hello
177,214,257,292,317,295,332,354,373,287,328,352,374,272,310,333,355,251,281,300,319,224,241,241,229,214,200,183,170,158,180,161,148,137,164,145,135,126,152,136,129,122,hello
183,221,263,298,325,300,339,362,382,294,336,362,384,280,317,342,363,259,289,309,328,220,240,241,230,216,200,186,174,163,181,163,152,143,165,148,139,132,153,138,131,124,hello
188,226,267,303,330,303,342,364,384,297,339,364,386,284,322,346,367,265,293,313,333,221,242,242,230,216,202,188,176,165,182,166,154,145,166,149,141,134,154,139,132,126,hello
189,227,269,304,331,303,340,363,383,296,337,363,385,283,320,343,364,263,291,311,331,229,249,248,235,222,207,193,181,169,187,170,158,148,172,154,143,135,160,145,137,130,hello
184,230,271,299,319,288,318,335,350,277,309,330,348,259,290,310,328,235,259,276,292,266,272,255,229,207,205,179,162,147,189,161,143,129,179,149,134,123,171,148,136,127,hello
187,234,263,273,278,253,266,270,273,234,248,256,262,214,226,233,240,191,199,207,216,304,290,256,219,191,204,163,139,116,196,152,123,97,196,153,129,107,203,170,150,132,hello
169,201,215,211,200,192,187,183,178,173,169,165,163,155,152,150,151,135,132,133,134,324,289,244,207,181,199,158,133,109,199,155,128,105,206,163,140,121,219,188,168,151,hello
123,150,160,148,128,130,116,104,92,110,97,86,75,93,81,73,65,77,68,63,57,320,283,236,195,173,195,155,130,108,198,156,130,107,207,168,145,126,224,194,176,159,hello
92,111,116,105,85,92,79,66,54,73,60,48,38,57,45,36,29,43,33,28,23,322,287,241,202,178,203,163,142,121,207,166,141,119,219,180,157,138,236,207,188,170,hello
77,95,96,81,63,75,63,53,43,54,39,26,16,38,24,14,7,25,15,8,3,319,284,240,204,180,205,167,147,127,210,173,152,131,222,187,167,148,240,213,197,180,hello
79,98,98,86,71,75,62,50,38,56,41,28,18,40,27,18,11,28,17,12,8,317,286,243,207,182,206,167,145,126,210,171,147,127,221,185,163,145,238,211,194,179,hello
92,115,120,109,92,94,79,67,56,74,61,50,41,58,47,39,33,45,37,33,29,315,286,242,205,182,202,163,140,119,205,164,139,118,215,177,154,135,231,202,185,169,hello
112,139,150,144,130,125,115,106,97,106,97,90,83,90,83,79,76,76,70,68,66,308,283,239,200,174,195,156,132,112,195,154,128,105,202,163,139,119,216,186,167,150,hello
132,169,195,202,199,188,196,199,200,169,180,184,188,150,162,168,175,129,140,147,155,291,274,238,201,171,185,145,120,97,176,135,109,85,177,138,115,95,184,152,134,116,hello
173,208,241,260,267,244,263,273,282,227,246,260,272,207,225,239,250,182,196,208,218,248,252,230,200,173,177,140,115,93,166,126,98,74,162,123,99,78,163,132,114,97,hello
160,205,239,258,266,242,260,270,278,225,245,256,266,206,225,237,247,181,197,208,219,270,258,232,200,169,177,139,115,92,165,125,98,73,161,124,100,78,163,133,115,98,hello
185,228,266,290,303,277,299,312,323,261,286,301,314,241,264,277,290,214,233,246,259,249,247,224,195,168,170,136,113,92,156,119,94,71,150,115,93,72,149,121,105,89,hello
213,259,299,326,345,313,341,357,371,300,330,348,365,281,308,324,340,256,277,292,305,234,238,221,195,171,168,138,118,99,153,119,98,78,145,112,93,75,141,115,100,86,hello
277,306,346,374,394,369,398,416,431,358,390,411,428,342,371,390,406,319,343,357,371,216,231,223,204,186,176,153,136,120,160,134,116,100,150,123,106,92,142,121,109,97,hello
253,302,342,371,392,368,398,414,430,357,389,408,426,341,370,389,406,318,340,356,371,231,235,224,204,183,177,153,136,120,159,133,115,98,147,122,106,92,140,119,107,95,hello
298,351,395,425,448,424,459,481,501,416,454,478,501,401,435,456,477,378,406,423,441,226,237,233,215,199,192,172,156,142,173,150,135,121,159,138,123,111,149,131,122,112,hello
336,384,427,459,481,459,493,512,532,452,489,512,535,439,473,494,515,419,447,465,482,209,223,220,206,188,182,166,154,143,164,145,132,121,149,131,121,112,137,122,115,107,hello
367,405,445,476,498,477,510,529,546,470,506,526,547,458,490,509,528,439,465,481,497,181,199,201,188,172,163,146,135,124,145,126,114,103,131,113,103,94,119,105,97,90,hello
375,412,449,478,498,477,509,528,545,470,505,526,545,457,489,509,527,439,463,479,495,162,180,182,167,151,145,129,118,107,128,110,98,88,115,97,86,78,104,88,81,74,hello
373,408,445,474,490,471,501,519,536,463,495,515,533,448,477,496,513,429,453,468,482,146,162,160,146,130,124,106,94,83,106,86,73,63,94,74,64,57,84,70,62,56,hello
373,407,442,470,489,468,498,516,532,460,492,513,532,447,476,495,511,428,451,467,482,143,157,156,143,127,119,102,90,79,102,83,70,59,90,71,60,52,81,66,58,51,hello
379,414,450,476,492,473,502,519,534,465,497,517,534,452,481,500,516,433,455,470,484,151,166,165,150,134,129,113,100,88,113,94,81,70,101,82,70,61,92,76,67,60,hello
392,432,469,494,511,492,519,537,553,485,516,536,554,473,502,519,532,454,480,496,509,190,202,202,193,182,172,157,150,146,157,141,136,136,145,130,131,138,135,125,127,132,hello
430,461,495,522,542,522,553,571,587,518,551,572,590,508,540,560,576,493,517,533,547,233,259,262,252,245,229,220,213,206,212,200,191,185,198,184,177,171,185,173,167,162,hello
421,456,493,521,542,520,552,571,587,516,551,572,591,507,539,558,575,490,516,532,547,229,253,255,244,239,224,216,209,202,207,196,189,183,193,181,175,170,179,170,165,161,hello
448,482,519,546,565,547,576,593,608,543,576,595,613,534,564,582,598,519,542,557,571,246,270,275,267,261,244,235,228,223,227,216,209,204,213,202,196,191,199,189,185,182,hello
462,496,527,553,573,555,584,600,616,553,585,603,620,546,578,596,612,533,559,575,590,269,294,304,302,295,279,274,269,263,263,256,250,246,248,240,235,232,231,225,222,220,hello
457,485,516,541,560,544,572,589,604,544,576,595,611,539,568,585,601,528,551,565,577,299,328,342,339,333,316,314,311,308,299,296,293,291,284,279,276,274,268,263,262,261,hello
450,475,506,532,550,535,564,582,597,535,567,587,603,529,559,577,592,518,542,557,571,320,349,360,356,351,334,330,326,322,317,312,309,305,302,296,294,292,288,283,281,279,hello
449,474,503,529,547,532,561,578,593,533,564,584,601,527,557,574,589,517,540,555,568,325,355,365,362,355,337,333,328,324,320,314,310,308,305,298,295,293,292,286,283,280,hello
438,463,495,520,535,523,552,569,583,522,553,571,587,516,545,562,577,505,527,541,554,337,364,373,366,359,343,336,330,326,327,319,314,310,313,304,300,296,299,292,289,286,hello
421,448,479,502,514,506,533,548,561,505,534,551,565,499,528,544,557,489,513,527,539,373,400,406,398,388,377,371,365,361,361,353,348,344,347,338,334,331,333,325,322,319,hello
413,440,470,494,506,496,522,538,552,495,523,541,557,490,517,534,548,480,503,517,529,377,404,410,405,392,378,371,365,360,362,353,348,344,349,340,335,332,336,330,325,322,hello
391,425,459,481,492,478,502,518,532,473,499,516,530,463,488,504,515,448,469,480,488,346,370,371,360,346,336,320,309,301,321,304,295,288,309,293,287,283,298,295,299,304,hello
333,362,395,416,434,408,426,436,443,394,411,422,431,379,393,406,417,360,374,387,398,275,279,267,251,239,228,205,195,189,216,190,181,176,210,185,177,175,208,190,184,181,hello
252,284,305,314,317,297,307,313,319,283,294,302,311,269,278,287,296,251,259,265,272,271,268,243,220,203,204,178,162,148,197,168,149,133,195,166,149,136,197,174,159,148,hello
203,236,255,259,261,241,247,249,250,223,230,234,237,206,210,215,219,187,191,194,198,352,340,311,283,262,272,240,219,202,267,231,208,189,268,234,213,196,275,248,232,218,hello
193,223,243,250,243,230,233,232,232,211,216,218,219,193,198,199,201,176,178,181,185,382,377,354,328,306,314,278,261,245,310,273,251,235,314,281,262,246,322,299,283,270,hello
200,230,249,255,254,237,242,243,243,219,224,228,230,202,205,208,211,183,186,189,193,415,408,378,347,324,336,301,280,260,330,292,267,248,332,297,275,258,339,311,294,279,hello
202,237,256,263,263,242,249,252,252,225,232,236,239,208,213,218,221,190,193,198,203,423,410,380,350,325,337,303,282,262,332,294,270,250,334,298,277,259,342,314,296,280,hello
198,232,251,260,259,238,244,246,247,221,228,232,234,204,210,214,217,186,190,195,200,431,416,385,354,329,342,308,287,267,337,300,275,254,339,304,283,264,347,320,303,287,hello
171,199,216,224,221,206,209,210,210,190,194,196,198,174,179,183,187,157,160,164,168,443,425,393,363,340,351,320,301,282,348,313,291,272,350,317,297,280,358,332,315,300,hello
105,131,146,146,138,131,129,125,121,115,114,112,110,100,100,100,99,86,86,85,84,453,444,415,387,365,378,346,324,305,376,344,321,302,380,349,329,312,389,364,348,335,hello
126,148,164,165,155,159,151,143,136,143,136,127,120,127,122,115,109,110,107,102,99,458,448,421,394,371,379,346,329,313,371,336,319,302,370,337,321,306,375,349,335,323,hello
92,113,128,127,115,111,106,100,94,94,89,84,80,79,75,72,70,65,63,62,61,471,451,419,386,365,381,347,327,308,380,344,323,304,385,352,333,316,395,369,353,339,hello
94,115,128,129,120,116,112,107,102,100,96,93,91,86,83,81,80,72,70,69,68,467,449,414,384,363,376,343,323,304,375,340,318,298,380,348,327,310,390,364,348,333,hello
101,123,140,142,132,125,122,117,114,109,107,104,103,94,93,91,91,80,77,76,75,448,429,398,369,347,359,328,309,292,359,326,306,288,364,334,316,300,374,351,338,326,hello
121,149,167,173,170,154,158,159,159,139,144,146,147,124,127,129,132,108,110,113,116,355,341,318,293,274,285,258,241,226,283,253,233,218,285,257,240,226,291,269,255,244,hello
159,192,212,219,216,203,209,213,217,189,196,202,209,174,181,188,197,159,166,173,181,286,272,248,226,209,209,183,170,158,206,179,166,156,207,180,167,159,212,190,178,170,hello
197,224,255,279,292,272,297,311,324,264,289,305,320,252,275,290,304,236,253,265,277,244,252,247,233,215,217,198,185,174,205,185,172,162,197,178,167,159,191,177,169,163,hello
176,213,246,272,289,256,282,298,312,249,277,295,311,239,265,282,296,226,247,261,273,269,259,247,230,214,215,196,183,171,204,185,172,162,197,180,168,160,195,178,169,161,hello
179,222,252,269,270,253,268,275,282,240,258,266,274,226,242,251,259,207,219,227,235,231,223,205,182,162,170,146,131,117,161,137,122,108,156,133,120,110,154,137,127,117,hello
187,222,255,278,292,277,298,309,320,270,293,305,319,260,281,291,298,246,261,269,275,236,235,226,212,195,198,183,171,160,188,172,163,152,183,170,164,161,184,177,179,182,hello
185,225,254,271,276,259,276,285,294,247,266,277,288,232,251,263,272,215,231,242,252,233,230,216,195,177,183,161,146,132,173,150,136,125,167,145,136,131,164,148,139,135,hello
189,224,255,274,281,265,283,291,299,255,274,284,294,242,262,273,281,226,243,252,259,238,238,227,207,186,198,177,160,147,187,165,150,137,180,160,147,138,175,161,152,145,hello
181,214,243,262,271,255,275,285,294,247,269,280,290,236,257,268,275,221,237,246,252,228,230,220,200,181,195,175,160,147,183,165,152,142,175,159,148,142,171,159,152,149,hello
181,216,245,262,266,250,264,270,275,240,256,266,275,226,243,254,262,210,224,234,243,231,229,216,197,180,189,170,156,143,179,158,143,130,173,153,142,134,168,153,143,135,hello
180,209,244,269,282,267,293,308,321,260,288,305,320,250,276,293,308,235,256,270,282,233,246,241,229,215,216,200,189,180,202,187,176,167,193,179,170,164,185,173,166,161,hello
165,202,231,254,261,242,262,271,281,231,252,264,274,217,236,247,256,199,214,224,234,236,234,222,201,179,188,166,150,135,179,155,138,123,173,150,135,123,170,152,141,132,hello
162,194,224,244,249,230,247,254,262,218,235,244,253,204,218,227,236,186,198,206,214,237,232,218,196,173,184,160,144,129,174,147,129,113,169,144,129,115,167,149,137,127,hello
147,178,204,218,218,205,216,221,224,193,205,210,215,179,190,197,202,162,170,175,181,239,232,213,189,169,179,153,137,123,171,143,125,109,169,142,125,111,170,150,137,125,hello
136,166,188,200,200,185,194,196,198,171,179,183,188,156,163,168,172,141,145,150,155,241,230,210,184,161,177,149,131,114,172,141,121,104,171,143,126,111,174,152,139,126,hello
151,180,207,222,222,208,219,223,227,197,209,214,220,184,196,203,208,168,177,183,188,236,232,213,188,167,178,153,137,122,170,144,126,110,166,141,126,113,167,147,133,122,hello
167,196,230,256,269,250,275,290,303,245,272,289,305,236,262,279,294,222,242,256,269,228,234,230,217,203,201,184,173,163,187,170,159,148,178,162,152,143,172,158,150,142,hello
177,200,231,259,277,264,293,310,327,261,293,312,330,253,282,300,317,240,263,279,293,223,236,241,237,225,217,207,200,193,202,190,182,175,191,179,172,166,181,171,167,162,hello
173,207,239,261,270,258,280,291,300,249,273,285,296,236,259,271,281,221,238,249,260,226,228,222,205,186,192,172,157,143,179,160,145,133,170,152,140,131,164,150,140,133,hello
172,210,236,245,243,234,237,235,234,218,222,223,225,202,206,208,209,184,185,187,190,242,227,199,169,149,164,132,112,93,159,125,104,85,160,128,108,90,167,140,124,109,hello
184,212,230,234,229,216,214,209,204,200,196,192,188,186,180,178,175,171,166,164,164,244,223,194,163,141,158,125,107,90,156,121,99,79,160,127,108,90,168,143,127,112,hello
182,215,239,252,250,240,248,249,250,226,235,238,242,211,220,226,231,194,201,205,209,240,230,207,181,159,171,144,126,109,163,133,114,97,159,132,114,100,161,138,124,112,hello
180,213,249,275,282,267,291,303,315,259,286,300,313,248,273,287,299,232,253,265,275,236,241,234,218,198,203,184,172,160,189,169,156,142,180,162,149,138,174,159,149,140,hello
187,215,246,273,290,272,299,315,330,268,297,315,332,257,285,302,317,242,263,277,291,235,246,245,238,224,217,202,192,183,203,186,174,165,192,176,166,157,184,170,162,155,hello
182,215,246,269,277,261,282,292,301,252,275,287,299,239,261,273,284,222,238,249,259,234,234,225,206,184,191,171,156,142,180,159,143,129,173,152,138,126,168,151,141,130,hello
181,216,238,243,239,237,242,240,238,222,227,227,226,207,213,214,213,190,194,196,196,244,226,199,169,148,168,138,118,100,162,131,111,94,161,131,113,99,166,142,128,117,hello
189,216,229,230,223,213,208,202,196,197,191,185,180,184,176,172,168,172,164,161,159,244,219,188,159,139,158,127,110,94,158,125,104,85,163,134,115,98,173,150,135,121,hello
184,216,241,256,258,240,253,259,264,228,242,250,257,215,228,238,246,201,214,222,230,243,233,213,190,168,175,148,132,116,167,138,121,105,164,138,124,113,165,143,131,122,hello
184,216,249,275,289,270,297,312,326,264,293,310,325,253,280,296,311,237,258,272,284,244,247,243,234,219,214,198,188,177,200,182,170,159,191,174,163,154,184,170,162,155,hello
185,216,248,274,288,270,295,308,321,263,290,306,320,251,277,292,306,235,255,268,281,239,246,242,231,214,211,195,184,173,198,180,168,156,189,172,162,153,182,168,160,152,hello
178,204,226,240,240,239,245,238,232,231,234,226,219,223,224,213,204,213,216,208,200,248,228,204,179,158,181,149,131,117,175,143,123,109,174,145,131,124,177,153,143,137,hello
181,210,225,226,220,213,210,205,201,197,194,190,185,184,179,176,173,172,166,165,164,244,220,190,163,143,162,132,115,99,162,129,109,90,166,137,118,101,174,151,137,123,hello
187,219,245,257,256,248,260,265,270,236,249,255,261,223,236,242,248,208,218,225,230,247,240,219,194,176,182,156,141,125,173,147,131,114,170,146,130,116,170,150,138,127,hello
190,221,255,281,296,278,305,320,334,272,301,318,333,263,290,307,321,248,271,286,297,252,257,255,245,229,225,210,199,188,212,197,187,177,202,189,180,174,195,183,176,169,hello
197,227,262,289,302,289,315,330,344,284,312,329,344,274,300,317,331,258,280,294,306,246,257,259,251,233,232,219,209,201,219,204,195,187,209,196,188,180,199,188,182,176,hello
196,224,251,263,266,258,272,279,284,246,261,270,277,233,247,257,264,216,229,237,243,230,232,214,191,172,185,162,144,129,176,151,134,119,170,148,133,121,168,150,139,128,hello
186,211,237,255,262,257,274,281,287,254,269,274,277,248,261,261,259,240,248,246,242,254,228,207,187,169,194,167,147,131,191,161,140,122,192,162,143,128,197,173,157,145,hello
181,214,231,232,227,228,229,224,221,212,212,209,207,197,197,195,194,182,181,179,179,251,229,197,167,145,167,135,116,97,165,131,109,89,167,136,116,98,174,150,135,121,hello
185,215,238,245,242,238,243,240,237,223,229,230,229,208,214,217,218,191,195,198,200,248,234,209,181,161,174,146,127,110,166,137,118,99,165,136,118,102,170,146,131,117,hello
187,218,248,267,279,270,292,305,316,262,287,301,314,251,274,289,302,235,255,267,278,253,254,245,230,215,210,190,176,163,197,178,164,149,189,172,158,148,185,169,159,150,hello
200,233,268,296,309,289,317,334,348,283,313,331,347,272,300,317,332,256,279,294,308,252,264,263,252,236,232,216,206,196,218,200,188,178,207,190,180,171,198,184,177,171,hello
191,230,261,279,285,271,290,299,307,259,279,290,300,245,264,275,284,226,240,250,260,254,249,233,211,191,199,174,156,139,188,162,144,127,182,156,141,127,179,160,147,137,hello
191,229,258,276,282,256,271,277,283,239,255,264,271,221,233,242,250,200,209,217,225,251,246,228,204,181,183,150,129,110,173,138,114,94,169,136,115,97,171,145,128,114,hello
216,260,298,323,340,295,319,331,341,279,301,315,327,259,278,291,302,234,248,259,268,248,250,238,218,199,180,149,128,110,167,132,110,91,160,127,108,92,160,132,116,102,hello
270,312,350,381,398,354,381,395,409,339,366,383,400,319,342,358,372,294,312,325,337,227,233,223,207,187,164,134,116,100,149,115,95,78,141,107,87,71,138,111,94,80,hello
254,308,348,379,397,351,375,390,404,335,359,376,392,314,336,352,368,287,307,321,335,240,239,227,207,185,169,141,122,104,153,122,103,87,144,114,95,78,139,113,98,84,hello
275,329,371,405,428,379,409,428,446,364,395,417,438,344,371,393,413,318,340,356,373,217,222,214,197,175,150,120,98,77,132,98,75,55,122,90,67,48,118,92,75,59,hello
269,318,362,395,416,370,401,419,434,355,388,409,426,335,363,383,401,310,332,348,364,201,212,204,186,166,138,108,86,66,120,85,63,43,110,75,54,36,105,78,61,46,hello
273,322,364,397,418,375,406,423,437,360,393,413,430,340,370,389,406,316,338,354,370,187,198,193,178,158,129,100,81,63,112,79,57,39,102,69,48,32,97,70,55,41,hello
207,243,286,313,328,280,301,314,324,264,285,299,311,244,262,274,285,221,239,251,263,171,179,164,143,122,101,69,47,28,89,55,32,14,82,49,31,17,80,54,38,25,hello
226,269,309,330,339,305,323,333,339,286,307,320,329,267,285,295,303,244,257,265,271,194,198,176,150,122,111,68,42,20,97,53,30,11,93,55,35,18,97,69,57,46,hello
17,49,70,77,70,40,37,32,28,14,5,2,0,-7,-20,-23,-25,-25,-34,-39,-41,229,216,179,142,112,129,84,55,30,126,77,44,17,132,89,59,35,145,112,89,69,hello
27,68,90,96,85,72,73,69,65,51,51,49,47,29,29,27,25,6,5,6,6,265,249,211,171,143,160,115,88,63,156,107,77,51,160,114,87,64,171,135,112,92,hello
77,117,142,151,146,127,136,137,137,106,116,119,122,85,94,99,102,61,68,73,78,291,273,234,196,168,180,140,115,91,174,130,102,76,176,133,106,84,186,151,129,109,hello
147,190,217,228,227,204,214,219,222,183,194,201,207,161,171,178,183,136,144,149,154,273,263,228,194,168,177,138,114,92,169,126,98,73,169,127,101,78,176,143,122,103,hello
134,178,208,222,221,196,208,213,217,177,189,196,202,155,167,174,180,129,140,147,154,285,268,230,194,165,176,138,114,91,168,124,96,71,168,126,102,80,176,142,123,104,hello
175,223,253,267,266,242,255,261,266,222,236,245,253,200,213,221,229,175,184,192,200,279,266,231,195,168,176,137,114,92,167,124,97,72,167,125,99,77,172,140,119,100,hello
195,241,272,288,293,262,277,286,293,242,259,269,278,221,235,245,253,196,206,215,222,295,285,252,218,189,198,160,135,113,188,144,116,92,186,144,119,97,191,158,138,119,hello
196,239,270,283,283,260,274,280,284,239,254,262,269,217,229,238,246,193,201,208,216,332,324,292,256,229,236,193,168,146,227,178,149,127,226,180,154,133,231,196,176,158,hello
215,254,278,288,287,266,277,281,285,244,258,263,268,222,232,238,245,198,205,211,219,389,381,346,309,281,290,246,223,202,283,234,206,184,285,240,214,193,295,260,239,221,hello
202,245,268,278,279,253,262,266,268,232,241,247,252,210,217,223,228,187,191,196,202,422,408,369,332,303,316,273,248,224,310,262,232,206,313,267,239,215,322,287,264,244,hello
173,213,235,242,241,221,226,227,226,201,207,210,210,180,186,189,191,157,161,165,167,425,405,366,330,301,312,273,249,225,307,265,236,209,310,268,242,217,320,287,265,244,hello
86,113,131,133,124,114,112,108,102,94,93,88,83,76,75,73,70,57,57,56,56,416,404,367,332,303,319,280,253,229,316,276,248,223,321,283,256,234,333,301,279,261,hello
118,145,163,164,149,155,146,140,133,136,126,118,110,118,110,102,95,100,94,89,84,429,411,374,339,311,330,283,255,233,323,275,251,230,324,281,262,247,331,301,288,279,hello
68,93,110,108,90,90,79,69,60,69,58,49,40,50,40,33,26,31,25,21,18,439,415,376,336,310,329,285,259,234,326,279,250,227,332,289,266,246,345,314,295,278,hello
59,84,102,105,91,81,75,68,60,60,54,47,42,42,36,32,28,24,20,19,18,453,431,392,353,323,341,300,274,250,340,294,265,238,346,305,279,256,359,326,305,285,hello
69,97,117,119,107,97,90,81,73,75,68,60,54,54,49,44,40,35,31,29,28,461,438,398,360,330,346,306,280,256,344,300,271,245,351,308,281,257,365,330,308,287,hello
128,160,176,184,180,157,161,159,155,135,140,139,138,114,121,123,124,91,98,102,104,465,441,399,360,327,344,303,276,251,340,297,267,237,345,302,275,251,358,322,299,279,hello
246,284,303,301,292,276,275,273,270,253,253,253,253,232,233,235,236,209,209,210,211,455,441,396,356,328,337,296,269,245,334,288,258,230,338,294,264,238,351,313,288,265,hello
183,189,190,184,181,210,233,246,253,204,229,240,251,195,219,226,235,183,196,198,203,468,447,403,368,345,350,304,275,247,342,293,263,232,342,295,263,235,350,308,281,255,hello
501,542,566,576,585,555,572,585,596,535,552,564,576,512,527,540,551,487,495,505,515,484,469,428,392,362,369,325,299,276,366,316,285,256,372,322,290,261,386,345,319,294,hello
529,572,599,609,619,594,610,621,630,575,593,605,614,554,569,580,590,528,539,549,558,479,464,421,384,354,362,316,288,263,357,307,274,245,361,312,281,254,373,333,308,284,hello
528,571,604,620,631,603,621,633,643,587,607,620,631,568,587,600,611,544,558,569,578,501,486,447,412,382,392,349,323,299,386,338,307,277,390,342,312,283,400,362,337,312,hello
513,555,586,600,610,582,601,613,623,566,586,598,610,545,563,576,589,520,534,546,558,495,480,443,408,378,383,341,314,289,377,332,304,279,379,336,309,285,389,354,332,315,hello
440,479,510,525,525,496,510,518,524,474,490,501,510,450,462,472,481,424,433,441,449,450,438,399,366,343,337,292,264,240,332,283,253,228,336,288,259,235,347,306,281,260,hello
450,499,530,543,542,521,525,528,530,501,507,514,520,478,483,494,504,453,464,477,489,462,445,408,377,351,348,300,267,240,341,290,258,229,342,295,271,250,352,318,306,297,hello
336,381,407,417,423,389,400,407,410,365,377,385,391,342,349,357,364,317,322,328,334,321,308,270,231,200,213,167,137,110,205,154,120,91,207,157,126,98,216,177,151,129,hello
327,375,402,408,414,384,395,399,402,361,372,378,383,338,345,351,357,312,317,322,329,304,290,249,209,178,190,145,116,91,182,131,98,69,184,134,104,78,193,155,129,106,hello
332,380,409,418,424,390,403,409,413,369,382,390,396,347,357,364,371,322,328,334,340,291,275,236,196,165,178,136,108,83,170,120,88,61,170,122,93,67,178,141,117,94,hello
363,416,449,462,474,437,452,461,469,417,432,443,453,395,409,418,428,369,380,387,394,268,253,218,181,153,154,116,91,69,145,101,74,48,143,101,74,50,149,113,91,69,hello
436,485,519,535,544,514,535,549,560,496,519,535,548,475,496,512,525,450,466,479,490,210,210,183,154,130,130,95,74,56,117,77,50,29,112,71,47,27,112,80,59,42,hello
399,467,509,530,546,509,529,545,559,490,515,534,552,468,493,510,527,440,461,474,487,241,221,188,154,127,139,100,74,51,125,84,58,34,117,79,54,33,117,83,61,42,hello
439,505,550,570,585,552,579,596,613,536,566,586,605,516,544,564,583,490,512,528,543,207,197,172,139,112,116,81,56,34,101,60,32,8,92,54,29,8,91,59,38,19,hello
456,513,555,576,590,561,587,602,615,545,574,593,610,525,554,572,589,500,521,536,550,190,189,168,138,115,109,75,53,34,95,55,30,9,87,50,27,9,84,54,35,18,hello
457,510,550,572,588,557,584,601,614,542,571,590,606,523,550,567,583,498,517,533,549,203,206,184,155,132,126,92,72,54,111,74,50,29,104,67,44,25,102,71,52,35,hello
451,500,542,567,582,550,578,593,608,537,567,585,601,518,547,565,582,493,516,532,547,235,239,219,188,161,160,128,108,90,145,108,84,64,138,101,79,59,134,104,86,68,hello
442,494,533,556,569,538,563,577,590,524,552,569,585,505,531,548,564,480,501,516,530,244,247,225,194,166,167,134,113,93,153,115,90,68,145,108,86,66,143,114,95,77,hello
426,478,518,535,545,521,545,559,570,505,531,548,564,484,508,526,542,457,477,491,505,230,230,205,171,146,148,115,93,73,132,94,69,48,126,86,63,43,125,94,74,56,hello
394,444,474,488,500,466,485,497,507,446,467,481,494,425,444,457,469,400,413,423,434,253,246,215,180,157,157,117,95,76,146,101,76,55,142,99,75,55,146,111,92,74,hello
324,368,392,401,404,376,387,391,394,354,363,367,372,332,340,345,351,308,312,318,324,344,324,282,243,213,227,185,160,137,220,173,144,119,221,175,148,125,230,195,172,151,hello
366,401,425,429,420,411,409,405,403,386,383,380,381,360,359,359,359,337,333,332,334,255,261,255,236,214,201,165,150,136,190,152,138,123,187,157,140,125,192,171,160,149,hello
274,314,330,330,321,305,302,299,295,281,278,276,274,259,255,254,253,236,233,233,233,378,357,309,267,240,256,210,186,162,252,201,172,148,258,211,186,163,273,238,218,199,hello
219,261,276,276,269,248,246,244,240,226,224,223,222,205,202,201,200,184,180,180,181,409,378,331,291,263,281,238,213,190,279,230,200,174,286,240,213,188,302,267,245,224,hello
142,182,204,208,197,183,179,174,168,161,158,153,148,141,140,138,134,118,118,118,116,433,406,361,321,291,307,265,240,216,304,257,231,205,309,265,241,219,323,290,270,251,hello
91,126,146,149,138,120,116,109,103,98,92,86,81,77,71,67,63,57,53,51,49,456,424,382,340,309,330,286,259,234,329,280,252,227,337,292,267,244,352,317,297,277,hello
127,158,177,180,169,151,149,143,139,130,126,120,115,110,107,102,98,91,90,91,91,462,433,390,350,320,337,294,268,244,335,289,262,237,341,299,279,266,353,321,305,297,hello
297,337,360,366,362,331,332,329,325,308,308,307,306,287,286,286,285,265,265,265,267,466,457,415,377,348,363,321,293,268,359,314,283,256,364,320,291,266,374,339,316,296,hello
410,443,463,466,461,424,426,427,428,402,401,408,416,382,390,418,442,363,384,411,433,473,457,410,372,343,360,314,280,255,360,310,278,254,369,326,320,324,386,355,351,355,hello
370,382,388,392,394,363,381,400,416,356,379,401,423,350,381,410,435,346,378,406,430,472,435,385,350,322,358,316,287,266,359,315,289,269,366,331,322,319,381,359,354,353,hello
547,580,594,597,603,578,589,597,601,563,575,584,589,545,555,564,571,525,529,534,540,473,457,414,379,352,359,316,287,263,356,307,274,245,362,313,280,252,375,335,308,283,hello
543,581,598,602,608,584,596,605,612,568,582,592,598,552,563,572,578,531,536,543,550,482,464,418,383,356,361,317,290,267,357,307,275,248,363,313,280,252,376,335,308,284,hello
531,569,587,589,594,573,584,593,600,556,568,577,584,538,546,555,562,516,521,528,536,485,463,416,380,351,362,318,292,270,358,307,275,247,363,313,281,253,377,337,311,286,hello
505,544,555,554,556,529,535,542,546,513,520,526,532,497,501,506,510,480,478,481,483,489,462,416,379,349,359,313,284,259,355,303,270,241,360,308,275,245,374,329,301,274,hello
499,539,553,556,555,531,539,545,549,515,523,530,537,498,504,510,515,478,480,483,486,492,467,423,387,358,365,320,291,266,359,305,274,247,360,309,277,250,370,327,300,274,hello
490,538,567,576,586,554,572,584,594,534,553,567,579,512,525,536,546,486,493,502,511,482,469,426,387,358,363,319,292,270,352,301,270,245,352,300,269,241,361,318,293,268,hello
484,534,567,579,589,558,579,591,600,537,560,574,586,514,532,545,556,487,497,507,517,468,456,413,374,344,348,306,280,257,338,288,258,232,336,287,258,233,344,303,279,255,hello
489,531,550,554,558,540,549,557,563,525,536,546,554,509,515,522,528,492,495,501,506,466,442,389,353,325,335,289,261,236,331,278,248,221,336,284,254,227,349,307,279,253,hello
499,533,533,530,532,495,509,519,527,491,508,520,531,493,509,518,525,502,511,516,521,457,423,381,356,333,354,313,276,246,355,305,266,230,362,310,271,237,373,334,304,277,hello
486,531,534,531,535,502,515,524,530,495,515,528,537,493,512,523,529,498,508,512,514,471,432,385,354,330,348,302,270,242,348,293,258,227,355,300,268,238,366,327,299,274,hello
504,545,567,572,571,554,561,565,568,536,544,551,557,516,523,531,537,492,497,502,507,473,457,412,375,346,349,306,278,256,342,291,260,234,344,293,263,236,355,312,285,260,hello
494,544,581,596,615,574,599,613,624,549,575,590,603,523,541,553,565,493,504,514,524,480,471,439,400,368,374,329,301,274,362,309,277,248,360,309,277,248,368,326,301,276,hello
486,536,576,592,609,573,597,608,616,547,573,587,599,520,539,551,562,489,501,511,522,467,462,430,390,359,361,315,285,258,348,296,261,232,347,296,264,236,354,314,288,264,hello
480,532,573,591,608,574,598,609,615,549,575,589,601,522,541,553,564,491,503,513,525,459,456,422,381,349,354,309,280,252,340,290,257,229,338,288,258,230,345,306,281,256,hello
479,532,575,593,609,576,600,609,616,552,577,592,603,525,544,556,568,494,507,517,529,450,446,413,373,341,347,302,271,244,333,283,250,222,330,281,250,224,334,296,271,247,hello
479,533,574,593,610,575,599,610,618,552,578,593,605,525,544,556,567,494,507,518,530,444,440,407,368,335,341,297,268,240,327,278,245,216,324,275,246,219,328,289,264,239,hello
476,530,570,588,605,569,591,602,611,546,569,583,595,520,537,548,558,489,500,510,520,444,439,404,364,330,336,292,263,236,323,273,240,211,322,272,243,215,328,288,262,237,hello
474,528,567,585,601,566,588,599,608,543,566,580,592,517,534,545,556,488,499,509,519,444,438,401,360,327,336,293,265,238,323,274,243,215,321,271,241,214,327,286,259,232,hello
471,524,564,581,597,561,582,593,602,539,561,575,586,514,529,539,550,485,496,506,517,445,438,402,361,329,337,294,267,241,323,274,242,214,321,271,242,214,328,287,260,234,hello
458,512,548,563,577,545,563,573,581,521,541,554,564,495,509,518,527,467,478,486,493,454,444,406,367,335,343,299,271,246,331,280,248,221,329,280,251,224,337,299,275,252,hello
416,461,491,504,497,472,482,491,501,447,458,473,488,419,430,444,459,389,403,418,434,477,454,412,375,347,342,294,269,246,340,284,256,233,347,294,266,244,361,320,296,276,hello
371,404,420,419,408,401,394,388,383,377,369,364,358,355,349,345,340,334,332,331,330,495,465,418,378,346,366,314,283,258,363,306,276,250,370,320,294,272,387,351,331,313,hello
243,278,294,289,280,259,253,246,238,236,229,222,216,215,207,202,198,194,187,185,183,494,474,432,393,360,378,332,304,280,378,327,296,268,387,338,307,281,404,364,339,317,hello
204,237,251,245,233,215,206,198,189,191,182,174,166,171,162,157,152,151,144,141,139,499,469,426,386,355,373,330,302,276,374,326,293,264,382,336,305,279,400,362,338,316,hello
143,172,186,181,169,152,140,129,119,129,116,106,98,109,96,89,84,90,80,77,75,467,447,404,364,333,350,306,277,253,351,304,272,246,359,316,288,264,377,342,320,302,hello
149,182,195,188,173,157,144,131,118,132,118,106,97,111,98,91,85,92,84,80,76,479,446,401,360,327,346,303,275,249,348,301,269,240,358,313,284,259,376,340,318,298,hello
115,144,156,150,137,125,111,97,85,101,86,74,64,80,68,60,54,61,53,50,47,468,438,392,350,318,340,295,267,242,341,293,262,234,351,306,278,252,369,334,312,291,hello
103,133,146,141,128,112,101,88,75,89,76,64,55,69,58,52,46,50,42,39,37,467,438,392,349,315,340,295,267,241,340,291,259,231,350,303,274,249,367,332,309,288,hello
109,138,150,146,132,118,106,94,81,95,82,70,60,74,62,55,50,54,46,43,41,456,425,379,337,305,328,284,256,230,329,281,249,220,339,294,265,239,357,321,298,276,hello
140,170,183,180,168,151,141,131,123,127,116,107,101,107,96,91,87,87,80,79,78,465,437,392,350,316,335,292,264,238,335,288,257,228,344,298,269,243,361,323,300,278,hello
186,223,242,241,234,211,210,205,199,188,187,184,181,165,164,163,163,142,141,143,145,499,472,430,388,352,373,326,297,271,371,318,286,258,379,327,298,272,395,354,329,307,hello
213,246,265,266,259,236,234,231,226,212,209,206,203,190,186,185,185,168,164,165,166,521,494,456,417,385,404,359,332,307,401,349,319,291,407,358,330,303,423,383,359,336,hello
194,231,249,253,250,227,227,224,219,203,203,201,199,180,179,180,181,157,156,157,160,435,417,376,338,307,324,281,255,231,321,275,243,218,326,282,254,232,337,301,279,260,hello
184,228,248,251,249,224,225,225,225,201,200,201,203,177,178,180,182,154,154,157,160,472,431,385,346,312,343,302,276,251,340,297,270,245,342,302,276,253,351,314,293,272,hello
165,208,233,242,242,221,227,230,232,197,204,208,212,173,180,187,192,151,157,160,163,392,351,304,262,228,273,234,215,200,271,231,220,218,268,229,220,220,270,230,213,202,hello
201,243,265,274,274,248,252,253,252,225,230,232,233,202,206,210,213,178,181,185,189,286,270,229,190,159,179,135,108,82,173,126,93,64,177,132,104,80,188,154,132,113,hello
180,227,253,263,265,236,244,250,256,213,221,227,235,191,197,203,210,169,175,179,184,329,292,246,204,170,212,175,156,139,208,169,152,141,207,169,149,134,210,174,155,138,hello
215,267,293,301,304,273,280,284,287,251,258,264,271,229,236,242,248,204,211,217,224,299,270,228,186,153,180,140,110,82,173,129,100,75,173,132,104,80,182,149,128,108,hello
221,267,294,304,310,279,289,292,293,259,269,274,278,238,246,252,258,214,218,224,231,288,270,230,190,159,178,139,112,88,172,127,97,71,173,131,105,82,182,149,129,109,hello
174,212,231,236,233,217,217,216,214,197,199,199,199,178,181,185,188,155,159,164,169,295,268,224,188,159,177,136,110,86,174,130,102,78,177,136,113,92,188,157,138,120,hello
111,144,160,159,146,149,140,131,123,129,121,114,107,110,105,100,95,88,85,84,84,294,264,221,179,147,181,135,106,79,177,130,100,73,181,137,112,89,192,159,141,123,hello
76,110,128,130,118,110,105,96,88,89,85,80,76,69,68,67,67,50,50,52,55,291,261,219,176,145,175,133,105,79,173,129,97,69,179,137,111,89,191,161,142,124,hello
82,115,133,137,129,117,113,107,101,97,94,90,87,78,77,76,77,59,59,61,63,288,261,218,176,145,175,132,105,80,173,128,97,71,179,135,109,87,191,160,140,122,hello
88,119,136,140,133,121,118,110,103,101,100,95,92,82,82,81,81,63,63,65,69,303,276,234,194,161,190,148,120,94,189,144,113,87,194,153,126,104,206,175,155,136,hello
96,128,145,148,144,127,124,118,111,108,104,99,95,89,87,86,85,70,69,70,72,339,317,276,236,204,228,183,156,132,225,177,146,121,231,185,159,138,243,210,190,171,hello
102,133,150,153,148,133,128,121,114,112,107,101,96,93,91,91,90,74,74,77,81,349,323,281,242,210,234,193,166,140,232,186,154,123,238,195,169,145,251,219,197,177,hello
89,126,146,152,150,132,131,126,120,111,112,109,108,92,95,95,96,73,75,78,80,310,273,232,192,160,191,151,122,96,188,147,118,92,192,154,128,106,202,172,152,134,hello
96,136,158,165,162,145,148,147,145,125,130,131,134,105,110,112,115,85,89,92,97,263,221,178,138,105,144,106,80,56,140,101,76,54,142,104,78,56,149,117,96,77,hello
109,149,172,180,178,159,162,158,155,141,144,143,143,121,126,129,131,99,104,110,115,232,200,160,121,91,119,80,52,26,114,73,44,17,117,78,53,30,127,97,78,60,hello
74,105,121,124,118,109,108,104,100,92,93,93,92,74,78,81,83,57,61,65,71,232,202,162,124,93,120,79,54,32,119,78,53,30,124,87,65,45,133,102,85,69,hello
57,59,62,67,67,53,50,47,42,54,55,51,46,55,57,56,53,58,58,60,60,217,174,134,101,77,85,43,21,5,96,58,43,29,112,88,87,88,127,109,109,114,hello
185,218,240,245,241,236,242,240,238,217,223,223,224,196,202,204,206,174,180,183,188,142,127,95,63,37,52,22,3,-11,45,14,-3,-18,45,15,-2,-17,52,25,9,-5,hello
273,311,340,354,358,340,354,360,363,322,335,341,345,301,312,318,324,277,286,291,297,116,111,83,52,25,39,10,-6,-16,29,-2,-20,-30,25,-6,-23,-34,26,-1,-17,-30,hello
354,396,432,454,455,433,452,461,468,416,435,446,455,395,412,423,432,370,383,393,402,119,119,96,65,37,51,22,4,-9,38,7,-11,-24,31,0,-18,-31,27,1,-14,-26,hello
404,447,491,520,537,505,539,562,582,491,525,550,574,471,501,527,551,446,471,491,509,153,164,148,126,101,96,73,63,57,79,48,36,30,69,36,27,26,62,39,29,25,hello
385,421,461,487,507,465,507,539,564,454,501,535,564,440,485,518,545,423,458,482,502,136,129,98,68,45,70,43,27,15,60,33,22,15,57,33,26,23,60,42,35,32,hello
396,446,492,526,552,515,555,580,601,507,550,577,601,490,530,555,578,464,494,515,534,162,182,174,154,137,127,108,96,86,107,83,69,55,92,69,54,42,82,62,54,45,hello
395,441,488,525,550,517,558,582,603,508,551,579,603,491,530,556,579,468,499,519,538,180,204,199,181,165,153,133,118,104,131,106,90,77,114,89,75,64,101,81,70,60,hello
391,437,482,519,544,510,551,574,595,501,543,570,594,484,524,549,572,461,491,512,532,185,207,202,184,165,156,135,120,106,134,109,91,77,118,93,79,66,106,87,76,66,hello
385,432,477,514,538,507,547,569,589,497,539,565,588,480,519,544,565,456,487,507,527,180,203,199,181,162,152,131,116,101,131,106,89,75,115,90,77,66,102,82,72,62,hello
381,427,472,509,536,501,542,564,585,492,534,561,585,476,514,539,561,453,483,504,524,184,205,200,183,165,155,134,118,103,133,108,91,77,117,92,78,66,105,86,74,64,hello
362,408,454,489,514,483,522,545,566,473,515,540,562,456,495,518,539,432,461,480,497,215,235,231,214,199,185,162,146,131,164,137,120,106,148,123,108,96,135,114,103,92,hello
341,377,415,443,463,448,488,507,525,436,479,503,525,416,454,477,498,389,416,437,457,278,301,304,295,283,256,236,229,224,234,212,200,192,218,197,185,177,205,185,175,167,hello
314,346,382,411,431,408,445,461,477,396,437,459,479,376,413,435,455,351,376,394,413,323,344,343,330,313,297,273,259,246,276,249,233,220,263,237,221,208,254,232,218,206,hello
274,307,344,371,391,364,399,418,436,351,389,412,432,331,366,388,408,305,331,348,365,336,349,336,316,296,286,259,245,232,267,236,218,203,256,224,208,194,251,226,212,199,hello
220,260,304,333,355,320,352,371,387,306,341,365,386,287,318,340,360,262,285,303,321,330,342,320,293,276,268,238,219,200,250,216,194,173,240,205,185,167,236,208,192,177,hello
183,232,275,305,323,279,312,331,347,262,295,317,335,240,267,286,302,213,231,245,259,325,330,311,286,262,253,221,200,180,235,196,170,148,225,186,163,142,221,190,170,151,hello
278,337,395,436,465,376,407,429,447,344,366,361,351,309,324,321,315,272,279,286,294,407,412,381,352,331,300,248,216,189,287,254,293,326,281,252,297,329,277,223,192,160,love
373,429,482,517,542,474,507,525,543,444,474,466,454,412,438,432,422,377,386,397,411,323,330,311,294,288,225,184,158,134,210,173,214,253,199,167,216,254,192,141,114,86,love
344,416,470,506,535,449,472,489,501,420,452,457,452,391,421,422,417,362,376,388,400,367,348,320,303,292,250,207,182,159,235,197,219,242,222,184,217,247,212,161,135,112,love
364,429,481,518,547,475,511,531,549,448,478,471,460,418,443,437,427,384,393,406,419,326,324,307,292,290,223,182,155,128,205,167,205,239,193,162,207,243,184,135,107,78,love
355,411,464,501,528,457,492,511,529,430,461,453,440,400,426,420,411,367,373,381,392,326,332,315,300,300,228,185,161,139,215,178,219,255,205,171,219,255,198,148,120,91,love
340,394,446,480,503,435,467,486,504,407,436,428,417,377,398,393,386,345,347,355,366,327,332,312,294,291,228,188,162,139,215,177,219,256,206,172,217,252,200,150,123,95,love
322,375,424,457,480,411,440,457,473,382,407,402,394,352,368,365,360,320,319,324,331,324,326,301,278,269,221,176,149,125,210,170,211,247,204,170,215,250,201,151,123,94,love
298,351,399,430,452,383,411,427,441,355,378,373,366,324,339,336,331,293,290,294,300,319,319,294,272,260,217,174,147,123,207,166,205,240,201,167,212,246,198,150,123,94,love
258,310,359,391,415,344,373,387,400,316,333,327,319,285,295,294,291,252,247,249,253,313,312,284,261,252,210,167,140,114,199,159,197,231,195,159,202,236,194,147,121,93,love
208,262,312,346,371,295,321,336,348,266,279,272,263,234,240,238,236,201,195,195,197,309,308,279,253,243,205,159,131,105,196,156,193,225,194,159,201,233,196,149,123,93,love
168,223,273,307,333,254,279,292,303,224,233,224,216,191,192,189,187,157,149,145,144,302,298,269,242,231,197,152,123,97,188,147,183,215,186,150,191,223,189,144,117,87,love
145,205,254,290,317,233,258,271,281,201,210,199,192,169,172,167,165,137,126,121,121,297,293,263,236,226,192,146,117,91,183,142,180,214,182,146,189,223,186,141,114,82,love
148,204,252,290,317,232,257,268,278,199,207,197,190,166,169,166,164,135,123,118,116,280,276,249,224,211,175,129,99,73,166,125,167,202,164,127,169,201,167,123,96,65,love
159,216,265,299,325,247,271,282,292,214,223,212,203,180,184,180,178,147,137,131,130,262,258,231,207,196,159,115,86,61,149,109,147,182,146,111,151,184,148,104,77,48,love
149,207,258,296,322,237,262,275,286,205,213,203,197,173,175,170,167,141,129,125,124,260,253,226,200,188,155,109,80,54,146,105,144,176,143,108,147,177,146,101,74,43,love
106,164,215,254,283,193,217,230,240,160,164,154,146,126,124,121,120,91,81,74,71,267,255,225,198,185,156,107,77,50,147,109,148,180,146,113,153,183,151,108,82,53,love
66,122,172,210,237,147,167,178,186,113,111,100,95,79,68,66,70,46,32,20,11,260,248,217,187,171,148,98,67,38,141,101,140,173,143,110,148,177,150,110,85,56,love
55,114,164,203,231,137,155,164,172,101,97,89,86,67,59,56,59,36,20,7,-1,260,245,214,184,168,146,95,62,33,139,99,137,171,141,105,145,177,148,107,80,49,love
81,138,188,224,252,164,184,194,201,129,130,121,116,95,88,85,86,65,50,41,34,267,256,228,198,183,158,111,78,50,150,111,150,185,151,117,153,183,156,113,86,57,love
113,170,222,260,291,201,225,237,247,166,172,160,152,131,131,125,124,98,88,82,80,274,265,235,205,190,163,117,86,60,154,117,155,190,153,122,161,193,158,113,86,57,love
132,189,238,275,302,217,242,255,264,184,190,178,169,150,151,147,146,119,106,100,99,264,256,231,205,191,159,113,83,57,151,113,151,183,150,114,155,186,153,111,84,55,love
137,193,245,282,309,224,249,260,271,191,199,187,179,157,158,153,152,126,114,108,105,270,263,234,207,194,163,118,89,63,155,115,154,187,154,120,162,194,157,114,87,56,love
146,203,252,289,316,231,257,270,280,199,206,194,187,166,167,162,160,136,124,119,118,273,267,242,217,204,171,128,99,73,162,123,162,195,161,129,169,199,165,121,94,63,love
163,216,265,302,330,248,273,285,295,216,222,213,206,183,184,180,178,151,140,136,136,322,318,292,265,251,217,169,139,113,209,171,210,244,207,173,215,248,209,164,137,107,love
179,236,286,321,348,266,291,304,316,233,242,232,223,200,203,200,198,167,157,154,155,369,365,333,301,283,257,209,180,154,250,211,253,290,249,213,257,292,252,205,179,148,love
180,239,290,323,347,269,294,307,319,237,245,234,226,203,208,204,202,171,161,158,157,392,386,351,318,300,279,230,200,173,271,236,280,317,270,238,282,316,272,228,201,169,love
180,237,289,323,348,267,292,305,317,235,245,236,229,202,207,204,202,170,161,157,157,403,398,362,330,309,288,240,209,182,281,241,285,322,281,248,294,328,284,239,211,179,love
183,240,292,326,351,269,296,309,321,237,247,237,230,204,209,206,205,172,163,159,160,409,404,368,336,318,295,247,217,190,289,249,292,329,288,255,299,333,291,246,219,187,love
185,243,295,328,352,271,298,311,323,239,250,239,230,207,212,208,205,175,166,163,163,412,407,371,339,320,299,251,221,194,292,253,296,333,292,259,304,337,295,250,223,191,love
153,212,263,299,325,240,266,283,296,208,217,205,195,175,176,171,168,143,133,128,126,421,415,378,344,326,308,259,228,201,301,265,308,344,301,270,313,346,305,261,233,203,love
112,169,221,258,287,198,222,237,247,164,168,156,147,130,125,121,119,98,85,75,69,436,428,390,355,335,320,266,232,203,312,280,323,358,312,284,326,357,317,273,247,217,love
58,114,169,208,238,143,164,174,181,107,98,85,80,71,59,56,59,39,24,9,0,454,446,404,363,338,329,273,239,208,321,290,341,379,324,292,339,373,333,289,266,239,love
52,110,162,201,231,136,156,165,173,99,91,82,79,63,51,50,54,29,14,0,-9,467,454,413,373,347,341,285,250,219,333,301,351,388,335,308,355,389,343,298,276,251,love
67,122,175,212,243,149,168,177,184,113,102,92,90,77,64,61,66,45,29,12,0,458,448,408,368,341,333,279,245,215,326,296,346,384,328,300,347,381,335,290,262,232,love
95,150,204,243,274,182,205,215,224,147,147,134,128,111,104,99,99,79,66,56,48,450,442,402,364,341,329,277,243,214,321,289,335,373,321,290,333,365,326,281,254,224,love
113,171,225,262,291,201,224,235,244,167,169,157,149,132,129,125,124,99,87,78,74,452,444,401,364,342,330,278,244,215,321,286,333,372,322,292,337,371,327,281,254,224,love
136,196,250,286,316,223,247,260,270,189,195,183,174,154,154,149,147,123,110,103,98,458,450,408,372,355,338,287,254,226,331,297,340,377,332,299,342,375,336,291,262,231,love
195,255,308,342,371,291,319,337,351,258,271,257,245,223,229,223,218,188,180,177,176,455,446,408,375,355,336,287,256,228,328,298,342,376,327,299,344,377,329,283,255,224,love
251,312,366,400,426,345,375,391,405,313,333,323,312,279,293,290,285,245,240,242,246,439,429,392,359,341,318,271,241,214,309,274,317,354,305,273,319,352,306,258,231,200,love
281,339,391,424,451,372,404,421,436,341,363,352,341,308,324,319,314,274,270,272,278,422,417,382,350,331,309,262,232,205,299,262,309,346,294,263,314,350,294,246,218,187,love
294,352,404,438,464,386,417,435,451,355,377,369,359,321,338,334,328,288,284,287,293,439,435,395,362,345,322,274,243,214,312,275,322,360,309,277,328,365,310,260,232,202,love
315,370,419,450,473,400,429,447,465,368,392,387,380,335,352,351,348,302,297,298,302,463,455,414,381,361,340,289,258,230,332,297,346,385,330,300,351,390,333,282,255,224,love
354,408,455,484,507,434,461,479,496,402,429,426,418,369,390,391,388,335,334,338,344,469,457,416,384,364,342,292,262,236,336,307,357,397,334,307,358,395,335,286,258,229,love
393,447,492,516,539,478,507,525,541,447,474,468,458,414,438,436,432,380,381,386,395,462,453,413,383,365,337,287,259,233,330,304,352,389,327,300,351,388,329,279,252,223,love
427,480,523,549,567,512,544,566,584,483,515,509,500,452,480,479,475,420,424,432,444,456,448,407,378,359,330,282,257,234,324,299,348,384,321,296,348,385,322,271,244,214,love
439,490,536,560,575,526,556,576,596,499,533,527,518,470,499,496,489,438,445,457,471,455,449,407,375,357,334,287,260,236,326,297,346,382,320,293,345,379,316,268,242,214,love
441,490,528,545,549,519,541,557,572,492,522,525,520,464,493,497,492,434,443,456,471,454,443,389,353,340,324,273,245,219,319,288,335,372,318,292,344,379,319,269,241,212,love
446,492,517,523,526,505,523,534,544,480,510,517,516,455,484,490,487,428,436,450,465,450,424,360,312,275,313,264,237,211,310,279,327,363,312,287,339,374,318,268,239,210,love
442,490,515,521,523,500,513,524,536,475,504,511,512,449,479,486,484,422,430,444,459,446,422,358,311,274,313,260,232,207,309,278,324,362,310,284,336,372,313,263,234,206,love
427,484,529,554,569,514,543,560,575,483,511,507,500,449,470,472,469,415,416,422,431,443,438,392,360,341,318,268,240,212,309,279,328,365,306,278,329,365,307,255,227,196,love
415,476,533,570,596,518,551,571,588,485,508,500,490,449,468,466,462,414,415,420,428,430,431,394,365,349,316,267,240,214,305,280,327,362,299,269,319,357,298,249,221,191,love
407,466,527,568,597,515,550,568,585,481,505,491,477,446,462,457,451,411,411,415,423,412,417,388,361,349,310,263,234,207,295,264,313,349,288,254,305,341,285,238,213,183,love
405,465,524,565,596,516,554,576,594,483,504,490,475,448,463,455,448,413,414,420,430,415,423,398,374,361,318,277,251,227,302,273,320,357,294,264,313,348,291,244,218,189,love
397,456,515,557,590,509,548,573,594,477,500,485,470,443,460,451,444,409,411,417,427,420,430,406,384,371,326,286,260,235,310,281,328,364,301,272,322,357,298,249,223,194,love
395,454,515,555,585,504,542,565,584,471,494,478,464,438,453,444,438,404,406,411,421,419,428,403,380,368,323,280,252,228,309,280,327,363,300,272,321,356,296,248,222,193,love
388,447,509,548,577,498,534,555,573,464,483,467,453,430,443,434,428,396,398,402,410,410,418,393,369,358,317,272,243,217,302,272,318,354,294,265,313,348,290,243,217,188,love
377,438,496,533,565,476,510,530,548,444,460,450,439,410,422,415,409,377,377,381,387,386,392,366,341,330,288,246,220,197,273,241,287,322,267,237,286,321,266,218,193,164,love
352,409,466,508,537,443,473,496,515,411,422,411,400,377,382,376,372,344,340,338,338,341,343,317,289,271,234,183,152,124,224,190,235,270,222,189,235,268,225,180,154,123,love
327,386,443,485,517,418,447,465,479,383,390,381,374,347,348,346,347,314,304,299,297,324,326,292,259,240,212,158,124,93,202,163,210,247,201,168,216,249,205,157,128,94,love
330,389,448,487,516,419,447,463,476,384,394,383,376,350,350,348,348,316,308,304,303,325,325,291,257,236,211,158,124,94,203,164,210,249,202,170,215,249,205,158,128,94,love
367,428,486,526,558,458,485,502,515,424,438,428,418,389,396,392,388,353,346,343,342,305,300,267,237,222,189,139,107,78,180,145,192,228,179,148,194,227,183,136,107,74,love
405,468,523,564,594,503,532,547,560,470,487,478,469,435,446,441,437,400,393,393,396,279,271,242,216,203,163,117,86,58,153,113,155,192,150,116,160,195,153,106,76,44,love
434,498,555,590,615,524,552,569,584,493,510,509,504,460,475,476,473,426,421,424,429,245,237,211,183,166,138,91,62,36,128,88,127,164,124,88,131,165,125,75,45,13,love
432,490,548,587,615,525,557,572,586,494,516,507,497,461,478,475,471,428,424,426,432,234,232,204,177,163,132,86,57,31,121,80,121,157,115,78,124,158,114,64,35,3,love
421,481,539,579,608,517,548,564,578,486,502,498,491,454,466,464,462,421,416,418,423,241,239,210,184,174,136,89,60,34,125,84,125,161,121,85,130,165,121,73,45,13,love
413,472,529,568,597,509,541,557,572,479,494,489,483,446,457,456,454,413,408,410,414,245,245,219,194,183,142,96,67,40,131,91,131,167,128,91,136,169,128,80,52,20,love
406,464,521,560,587,502,533,548,563,471,488,482,475,439,450,448,445,406,401,402,405,248,248,222,196,183,143,97,67,41,133,92,134,170,129,93,138,172,129,81,53,21,love
399,457,514,554,581,495,524,539,552,464,480,473,466,431,440,439,437,398,393,393,396,253,253,226,200,186,145,98,67,40,135,93,136,173,132,96,141,176,134,85,57,25,love
394,452,508,548,576,487,516,531,544,456,472,464,457,423,433,431,428,390,384,384,387,255,254,226,200,188,146,100,70,43,136,97,140,177,133,98,144,178,135,87,59,27,love
367,426,481,519,547,460,486,501,512,428,441,435,427,395,403,400,396,362,356,355,356,261,261,228,199,185,149,100,68,39,140,100,142,179,138,105,150,184,141,94,66,35,love
332,391,446,481,510,418,441,455,465,385,392,383,375,351,352,348,347,317,308,304,301,266,263,233,202,185,152,102,69,40,145,111,155,191,146,115,159,190,151,104,76,44,love
293,353,407,444,474,379,397,408,415,344,346,338,333,309,307,306,307,275,262,255,250,272,268,233,198,177,153,97,62,29,147,109,156,193,149,114,161,196,155,107,77,43,love
284,346,399,436,465,366,383,392,397,331,333,329,326,298,294,296,298,266,251,243,237,273,267,233,199,177,153,97,62,29,147,108,156,193,148,113,159,193,155,108,80,46,love
277,337,391,429,458,359,377,385,391,325,329,323,318,292,289,291,291,260,246,239,233,277,273,238,205,185,158,103,67,35,152,111,160,199,154,119,164,197,159,113,85,52,love
278,336,388,423,451,361,378,386,393,327,330,322,315,292,291,289,288,258,245,237,231,306,300,265,230,209,183,128,93,62,178,142,189,226,180,148,193,227,186,138,109,76,love
296,352,403,438,465,375,395,403,410,340,344,338,335,305,306,305,305,272,259,253,250,375,373,338,307,288,259,201,169,139,254,225,278,318,258,231,282,318,264,213,186,152,love
293,348,402,439,467,377,400,410,419,344,353,343,335,309,313,313,313,276,267,262,260,417,414,376,343,321,304,246,213,181,296,267,316,352,297,268,315,349,301,252,224,192,love
289,346,399,435,464,374,394,404,413,342,349,340,333,308,312,310,309,276,267,263,261,417,414,375,341,322,303,249,215,184,295,265,313,351,296,268,315,350,300,254,226,194,love
287,344,396,432,460,372,390,398,406,339,348,340,334,306,311,309,308,274,265,260,259,422,417,378,345,323,307,253,219,188,300,270,318,354,301,273,321,356,305,260,231,199,love
289,347,399,433,460,373,390,399,406,341,348,341,335,308,311,311,310,276,265,261,259,424,419,380,346,325,307,254,220,190,301,272,320,357,303,275,323,357,308,262,234,201,love
331,387,441,473,501,408,427,439,449,376,389,385,380,343,349,350,349,311,301,297,294,415,409,374,340,324,299,251,219,191,294,266,314,350,295,270,317,350,301,254,227,197,love
388,445,491,519,542,460,482,498,513,427,446,441,435,395,408,412,412,363,355,351,349,409,398,356,324,308,290,237,206,179,285,259,307,344,286,261,309,344,292,245,218,188,love
428,481,525,553,576,500,526,540,553,470,496,494,488,440,461,465,465,410,406,405,408,405,393,351,318,300,284,233,203,176,279,252,299,335,279,253,303,339,282,238,212,183,love
435,490,533,559,577,507,533,546,557,477,499,500,495,447,465,471,471,418,412,413,418,403,390,348,317,297,285,235,205,177,280,254,299,333,280,252,302,338,284,239,213,184,love
422,475,520,548,568,497,525,540,553,468,493,492,485,438,459,462,460,408,404,406,411,408,396,353,321,302,289,240,212,187,284,257,303,339,284,258,306,340,289,244,218,189,love
375,432,477,501,519,451,469,484,498,418,432,430,425,385,395,397,396,354,348,346,347,400,386,343,314,297,280,229,201,177,276,252,299,335,277,253,301,332,281,234,209,179,love
244,299,346,377,404,315,330,340,346,282,287,283,278,249,246,249,252,216,203,195,189,396,387,346,309,287,276,227,194,168,273,240,283,319,277,253,294,324,284,238,213,185,love
177,235,281,314,337,245,258,268,273,215,211,207,202,184,175,176,178,155,146,138,131,396,380,338,302,280,271,218,184,154,269,233,272,305,275,247,287,316,286,248,233,215,love
141,194,241,273,299,209,221,227,231,176,167,162,162,144,128,132,138,115,98,83,72,389,377,335,298,277,265,214,181,151,263,228,272,307,269,243,286,316,279,240,217,187,love
137,190,234,267,292,203,214,217,220,169,159,155,156,137,123,127,132,107,88,74,61,395,381,342,306,284,273,220,186,157,270,236,280,316,276,249,290,320,285,246,225,199,love
139,192,236,268,294,204,215,218,220,171,165,159,159,139,126,129,135,109,91,77,65,405,392,353,316,291,282,230,196,166,280,246,291,328,286,260,302,333,295,256,233,207,love
149,202,246,276,302,214,225,229,232,182,174,168,168,150,138,140,145,121,105,90,77,426,413,375,338,312,305,252,219,189,303,271,315,350,309,284,326,355,317,277,255,229,love
154,208,251,280,305,220,230,231,233,188,181,175,174,156,145,147,152,127,109,96,84,449,435,394,355,331,326,273,240,211,325,294,338,372,330,305,347,377,339,299,276,249,love
154,207,250,280,302,217,224,225,225,184,178,176,176,153,141,146,152,124,106,93,81,445,430,387,350,327,324,272,240,211,321,290,335,369,326,300,340,369,335,295,274,247,love
141,198,241,273,299,213,224,228,229,181,175,171,172,148,140,140,145,119,106,93,83,391,361,327,296,272,266,220,186,156,261,230,269,300,265,242,278,304,273,234,211,186,love
158,210,254,290,315,227,237,242,243,195,190,182,179,164,154,153,155,136,120,107,99,280,273,243,212,190,180,131,96,68,175,144,182,211,178,151,187,212,185,146,122,94,love
142,202,250,287,315,219,229,233,237,188,187,181,181,157,153,151,153,129,121,109,100,320,288,253,223,200,197,155,128,103,191,152,180,206,191,159,186,210,196,155,128,102,love
170,229,276,312,339,247,259,263,268,216,217,208,204,185,182,180,181,156,146,137,131,269,246,215,185,163,150,105,75,47,143,104,139,169,143,109,142,170,148,108,82,55,love
191,245,292,327,352,268,281,285,289,236,235,226,221,205,198,197,199,176,163,154,148,233,224,197,169,151,130,81,50,21,123,85,125,158,124,93,131,160,128,90,66,39,love
202,253,300,336,361,277,291,295,299,246,246,237,233,215,209,208,209,186,174,166,163,224,218,192,165,147,125,77,47,20,119,83,120,152,120,89,124,152,125,86,61,33,love
220,271,318,355,385,295,310,316,321,265,265,257,254,234,232,229,230,206,194,188,186,223,216,192,169,155,124,78,47,20,117,82,119,150,118,88,124,151,123,83,57,30,love
229,280,328,365,395,308,326,333,339,278,282,273,268,248,248,245,244,220,209,205,204,224,218,193,169,156,127,83,53,27,120,83,121,153,120,90,127,155,123,84,58,30,love
166,217,263,299,325,241,253,259,262,214,207,199,198,186,179,177,179,160,156,157,160,223,210,186,160,141,123,75,44,18,119,87,123,148,121,95,131,153,125,99,118,131,love
68,112,156,187,210,132,135,133,130,102,87,78,78,75,59,57,61,50,32,17,7,237,226,196,163,141,134,88,52,24,133,108,141,167,137,115,146,170,144,108,87,65,love
45,86,127,159,180,100,101,97,92,70,50,44,46,43,22,21,27,20,-1,-18,-30,273,264,234,202,178,170,120,89,63,170,145,182,213,175,157,189,212,182,150,139,123,love
45,86,127,157,178,97,97,91,84,68,44,39,44,41,19,20,27,19,1,-13,-22,319,307,276,244,219,210,157,125,97,211,189,229,259,217,200,234,257,226,192,178,162,love
47,91,133,161,180,98,95,87,79,68,46,41,43,40,19,19,25,17,0,-14,-23,363,356,325,290,262,259,206,175,151,260,240,282,313,266,253,291,315,274,242,232,219,love
26,71,113,142,159,78,71,61,52,44,21,18,24,16,-4,-1,7,-8,-23,-21,-12,404,392,352,316,288,294,238,206,183,297,278,319,353,306,294,330,357,316,303,330,351,love
15,56,96,122,137,58,47,30,16,28,0,-1,6,0,-23,-19,-8,-24,-41,-40,-30,422,401,363,326,295,306,253,221,196,309,290,325,354,318,303,334,359,327,308,330,351,love
77,113,144,152,161,133,130,122,114,103,78,78,87,75,52,57,67,50,24,4,-10,420,405,373,342,324,300,249,216,189,298,282,325,354,301,282,314,340,307,272,252,232,love
172,223,270,302,329,239,247,250,248,208,197,195,197,178,160,164,171,148,130,116,105,400,395,359,323,302,288,239,202,172,284,258,302,334,286,263,299,325,292,250,223,196,love
145,174,198,196,192,216,232,242,247,187,195,192,192,160,161,163,166,131,120,108,99,408,391,360,321,299,294,242,206,179,287,260,298,326,284,263,292,320,285,246,218,192,love
200,252,290,301,313,280,297,305,308,248,254,248,244,216,216,218,219,184,174,167,162,400,389,355,317,297,285,233,198,166,281,250,297,331,281,252,296,329,285,240,217,186,love
229,286,338,371,396,310,327,333,338,278,284,276,271,245,245,245,246,213,202,196,192,413,407,368,334,312,296,243,208,178,292,263,311,348,294,268,314,347,299,254,227,195,love
228,286,336,371,398,311,327,334,340,277,281,274,268,244,243,244,245,211,201,194,189,425,419,380,346,323,308,255,221,191,302,276,327,365,304,279,327,362,310,265,238,206,love
225,284,338,371,397,309,325,331,337,275,279,271,266,242,241,240,241,210,198,191,187,424,419,378,343,322,309,255,221,192,304,276,324,361,305,280,327,361,310,266,240,209,love
213,272,323,358,386,296,310,317,322,261,262,255,250,227,225,225,227,195,183,175,169,407,402,362,326,304,291,237,203,173,285,257,306,343,286,261,308,342,292,248,222,192,love
190,249,297,332,361,270,282,288,292,236,234,227,223,202,195,197,201,171,158,149,143,390,382,344,309,287,276,222,187,157,269,242,288,324,271,245,288,321,276,233,207,177,love
185,242,292,326,352,263,275,279,281,230,231,225,221,198,193,195,198,167,155,146,139,384,378,339,304,281,270,216,182,151,264,233,281,317,266,238,282,313,271,227,202,171,love
185,241,291,326,352,265,277,280,282,231,230,224,220,198,193,194,196,167,153,145,138,374,368,331,297,274,259,205,171,140,253,225,272,307,255,228,270,300,260,215,189,159,love
155,212,263,299,326,234,243,246,247,199,192,185,181,166,154,153,155,134,118,105,94,345,337,299,262,239,225,168,132,101,220,189,235,270,223,196,239,271,231,187,160,130,love
144,203,252,288,315,221,228,229,226,186,176,172,171,151,137,141,146,119,102,88,78,348,339,300,262,236,225,168,130,96,220,190,238,275,223,195,243,277,229,184,159,128,love
153,211,260,296,322,230,239,239,239,195,187,182,181,160,147,149,154,127,111,99,89,360,351,311,274,249,232,174,137,105,227,198,246,283,231,204,251,285,238,193,165,133,love
160,216,265,300,325,238,248,250,250,203,197,191,190,168,158,160,165,134,121,111,103,389,380,344,309,284,267,210,175,143,263,231,278,313,267,239,283,315,273,227,201,170,love
172,224,267,300,324,242,252,257,259,210,206,201,200,178,172,172,175,148,137,128,122,480,473,444,413,390,372,320,283,252,367,342,387,418,369,347,389,417,375,328,303,273,love
158,209,249,273,288,239,255,257,258,207,203,198,199,176,170,171,176,147,136,127,124,423,427,405,381,363,352,298,271,244,345,333,380,412,345,338,378,405,347,316,297,275,love
173,222,268,304,328,241,253,257,260,208,206,200,198,177,172,171,172,148,138,128,122,490,478,447,413,386,379,324,288,258,375,344,389,424,378,348,393,424,384,338,313,283,love
173,228,276,311,337,254,265,268,270,222,220,212,208,190,183,182,184,159,148,139,133,458,450,416,382,360,347,298,265,236,343,313,356,389,344,319,358,386,349,307,282,254,love
164,213,259,295,320,238,248,252,253,207,201,193,191,176,166,163,165,146,136,125,119,345,344,319,292,271,256,208,172,144,250,222,260,289,250,229,264,287,254,214,192,165,love
147,209,257,293,319,233,244,250,253,203,204,195,190,171,167,162,163,141,133,123,116,382,355,325,298,277,264,223,196,169,256,226,259,286,256,228,260,285,262,223,199,172,love
144,203,251,287,315,229,238,241,244,197,195,187,185,166,161,157,159,136,127,119,115,315,288,260,232,209,198,155,127,99,190,154,187,215,189,160,193,218,194,154,129,101,love
157,216,264,299,323,239,248,249,249,208,200,192,191,177,166,164,167,148,136,128,122,277,254,225,195,174,160,112,76,45,154,116,152,184,156,126,161,188,162,122,98,70,love
166,219,265,300,323,239,247,247,247,206,199,190,189,174,163,162,166,146,134,125,120,249,236,210,181,158,143,95,61,32,139,103,143,175,141,112,148,175,147,108,82,54,love
167,220,266,300,323,240,248,249,249,208,203,196,194,178,168,167,170,150,138,129,123,248,236,208,179,158,142,92,58,29,137,100,138,170,139,110,145,172,144,105,82,54,love
152,203,249,282,307,225,235,236,236,195,186,175,171,165,151,146,149,137,124,113,106,252,242,215,184,162,150,101,67,38,145,112,149,182,147,121,156,183,153,115,92,65,love
94,139,184,216,235,157,158,157,152,131,111,106,107,106,87,85,88,83,73,61,53,252,230,203,172,147,147,97,63,34,148,116,148,172,152,127,154,174,158,126,113,96,love
45,87,126,155,169,96,90,82,74,67,43,38,39,44,21,21,27,23,9,8,14,259,234,201,169,143,152,99,66,39,157,121,149,173,166,140,166,186,175,152,170,185,love
43,81,120,147,165,92,89,81,74,66,43,37,43,41,19,17,26,19,5,-6,-12,264,241,208,175,151,156,106,75,49,157,131,162,186,162,141,169,188,169,141,139,136,love
112,153,195,224,245,172,172,170,166,144,130,123,125,119,107,104,108,95,80,63,52,235,228,201,173,152,150,105,72,45,148,121,154,178,150,125,153,177,156,124,107,90,love
100,135,165,174,175,166,169,166,162,138,123,116,118,113,97,96,101,90,73,58,49,253,236,210,180,160,148,98,65,38,147,118,151,178,148,123,151,174,152,118,99,79,love
301,348,392,423,444,376,390,398,401,349,350,343,344,323,321,317,317,295,290,284,283,207,205,191,170,156,131,89,58,34,122,91,126,147,119,93,125,144,120,79,56,31,love
380,428,470,501,524,454,469,479,485,429,437,433,429,402,407,404,401,373,371,371,373,200,205,189,173,164,128,90,63,40,120,89,122,148,116,92,125,149,115,74,51,25,love
363,415,456,485,509,448,465,475,482,424,434,427,424,397,405,399,396,369,367,369,374,212,203,189,172,164,129,90,62,38,120,86,118,144,115,90,120,144,113,73,50,24,love
406,460,504,535,559,486,506,515,523,462,475,470,465,437,446,443,439,409,407,409,413,199,197,186,170,161,126,88,62,39,116,82,111,140,110,81,110,135,107,68,45,20,love
439,489,531,561,580,514,533,544,553,491,505,501,494,466,477,476,472,440,439,444,451,194,199,192,177,164,127,91,67,46,118,88,117,144,111,81,112,138,106,67,44,20,love
439,489,531,560,580,516,535,545,555,492,507,503,497,467,478,477,474,441,440,444,451,202,206,198,182,168,135,98,73,51,125,91,120,149,118,88,119,145,113,74,51,26,love
435,487,534,555,570,501,513,519,525,473,483,483,480,446,453,457,456,416,413,417,421,264,257,226,188,161,173,133,111,93,168,143,177,207,167,144,178,206,168,127,103,77,love
400,437,471,494,508,463,477,484,490,436,451,449,444,410,419,420,419,383,379,381,385,290,299,295,287,278,231,191,174,157,226,216,256,286,227,216,253,280,228,195,176,154,love
370,408,445,471,486,426,441,449,455,402,416,415,412,377,386,389,389,351,347,350,355,331,332,312,294,285,251,211,189,170,247,225,259,287,246,227,261,287,247,209,188,166,love
344,390,431,459,478,411,428,437,444,388,402,402,399,362,372,375,374,336,333,335,339,313,313,289,266,253,228,186,161,137,221,191,223,251,218,189,224,252,217,178,155,130,love
328,379,420,448,465,403,420,429,436,377,389,387,383,350,358,359,358,323,318,319,321,274,265,243,223,207,180,140,114,88,172,140,173,201,169,141,175,203,170,130,106,82,love
327,376,420,450,471,403,421,429,436,377,389,385,381,349,357,357,356,321,316,315,317,246,243,222,201,183,156,116,90,66,149,118,152,182,147,121,156,183,147,107,83,57,love
308,362,409,440,461,391,408,417,424,362,373,368,363,333,339,338,337,302,298,296,297,209,208,185,160,142,113,66,36,7,104,67,106,139,101,68,107,138,103,57,30,1,love
295,344,390,421,442,372,388,394,399,343,351,342,335,313,318,315,313,282,274,273,275,246,246,219,195,178,147,98,70,46,141,111,149,179,141,110,148,176,144,100,74,44,love
268,316,357,385,406,340,355,358,361,308,307,299,296,276,274,271,272,246,237,232,232,271,282,270,252,233,206,159,134,110,200,187,230,259,200,191,228,253,203,170,151,127,love
244,279,307,330,343,309,324,327,330,279,274,266,265,252,241,238,240,223,208,197,194,290,298,294,283,274,262,224,201,177,253,257,296,321,252,250,282,305,254,235,222,205,love
228,282,329,360,385,302,314,320,324,269,273,267,263,238,236,238,239,207,197,191,187,430,428,388,351,327,321,269,235,205,317,289,336,371,319,293,338,371,324,279,253,223,love
235,265,285,295,300,305,319,323,328,272,272,262,262,241,237,235,238,211,201,189,187,334,334,329,326,325,293,254,229,204,284,291,335,363,285,287,328,355,287,267,257,242,love
233,290,337,366,389,309,322,327,331,277,280,275,271,246,244,245,246,215,204,199,195,442,435,394,359,337,325,274,241,212,321,295,340,376,324,301,344,375,331,286,258,228,love
245,270,291,298,301,305,320,330,336,274,278,272,268,244,245,246,245,215,207,198,191,378,376,369,361,358,318,272,241,214,310,302,345,373,310,304,343,368,312,281,261,236,love
289,339,385,413,437,361,377,385,392,332,344,342,337,301,306,309,309,270,263,262,260,472,461,426,392,370,358,308,277,250,353,335,380,413,355,336,378,407,360,316,291,263,love
268,294,315,323,332,331,337,338,337,309,320,321,319,284,294,299,299,258,256,255,256,413,403,383,364,352,349,341,366,389,344,339,375,398,341,330,362,385,339,303,280,258,love
365,413,454,473,485,425,439,449,458,398,420,420,415,369,387,388,387,340,339,341,343,470,456,416,382,360,350,301,271,246,347,326,372,407,348,329,375,408,353,307,282,257,love
419,466,501,519,534,484,501,512,522,457,481,482,481,428,449,454,454,400,399,404,410,468,455,413,383,363,349,300,270,244,345,323,367,400,346,327,372,404,350,304,278,251,love
452,495,529,548,561,515,536,547,557,490,518,519,514,464,489,493,492,437,441,450,461,469,456,418,389,367,353,301,273,244,349,324,371,405,348,325,372,405,351,304,279,252,love
459,504,538,557,567,524,545,558,568,498,528,527,521,471,495,498,496,445,447,456,467,481,469,430,401,381,365,318,289,263,362,339,385,419,363,343,389,421,366,319,293,265,love
427,477,513,531,543,499,517,528,537,471,493,491,484,442,461,461,458,414,415,421,428,458,447,407,377,358,344,294,265,239,339,319,362,394,340,321,364,395,342,298,273,249,love
365,417,458,480,494,432,437,447,457,405,414,428,441,377,386,387,385,348,351,355,358,416,403,363,332,309,297,250,219,195,292,242,232,224,293,268,310,342,299,256,233,209,love
320,371,414,441,458,382,391,397,402,355,365,369,368,326,331,339,342,298,288,286,284,403,391,350,316,294,287,235,203,175,285,253,296,330,288,257,301,333,293,250,227,199,love
299,350,391,417,434,362,371,376,380,332,341,344,343,303,307,315,318,274,264,262,260,401,391,351,317,296,287,237,205,177,285,254,298,332,288,261,303,335,294,251,227,199,love
274,327,369,395,412,340,351,354,357,310,316,316,314,281,283,288,289,251,241,238,235,404,394,356,323,304,291,242,211,184,288,259,300,334,291,266,307,337,297,256,231,204,love
243,297,339,368,389,310,320,324,326,280,284,280,276,251,250,252,254,223,211,206,203,406,397,358,326,309,295,245,213,186,293,262,305,340,296,270,312,343,302,260,236,207,love
214,269,312,342,365,287,297,302,304,257,257,250,244,227,223,222,222,198,188,181,178,402,393,358,326,310,293,244,212,185,289,261,301,334,291,266,305,335,296,256,232,205,love
184,235,279,312,337,258,269,273,275,229,226,217,212,200,192,190,191,172,162,154,150,397,389,358,329,312,293,245,212,184,287,259,301,333,287,264,302,330,291,253,230,204,love
164,214,258,291,317,237,246,249,250,208,201,191,186,180,168,166,168,153,143,134,129,391,384,352,322,305,288,241,208,181,282,257,297,328,282,259,296,324,286,249,226,201,love
157,209,253,284,307,230,238,239,239,201,191,184,183,173,160,159,162,146,136,127,121,387,382,351,320,302,287,240,209,181,282,254,294,325,283,261,299,325,287,249,227,201,love
154,206,248,279,302,225,232,232,231,197,186,182,181,169,155,157,161,142,130,121,114,389,384,352,322,303,289,242,210,182,284,257,296,326,286,264,302,328,290,253,231,205,love
156,206,248,278,300,224,231,231,229,195,187,181,181,167,156,156,160,141,130,122,115,385,378,347,316,297,285,238,206,179,281,252,292,323,283,259,295,320,287,250,228,203,love
155,204,245,275,298,222,228,228,226,194,184,178,177,165,152,153,157,139,127,116,109,397,391,359,327,305,295,248,216,188,291,266,307,337,293,270,308,335,297,259,237,212,love
147,196,239,268,291,214,220,220,218,186,173,167,168,158,142,143,148,132,120,109,102,390,384,352,321,302,291,244,212,186,288,261,299,330,290,271,305,330,295,259,238,213,love
124,169,209,238,261,187,189,187,182,160,144,138,137,134,115,115,119,108,93,82,73,388,378,346,314,294,286,242,211,186,283,262,299,329,287,274,306,330,292,258,238,217,love
99,138,176,205,228,154,153,147,141,126,105,101,104,101,80,80,84,78,63,50,39,403,389,357,323,301,298,251,220,195,297,275,313,341,302,284,311,330,308,273,253,232,love
102,142,181,210,233,162,162,157,152,137,116,108,110,113,91,88,92,90,75,63,53,441,434,403,373,355,342,293,263,240,339,321,359,388,340,324,355,378,343,306,287,267,love
135,177,222,254,280,213,225,226,226,189,176,164,163,163,148,143,145,138,130,120,114,455,450,425,399,384,358,313,283,259,351,332,367,395,349,336,367,390,350,311,288,266,love
186,230,280,318,349,275,294,303,310,249,244,225,217,222,212,201,198,196,198,192,191,414,428,410,389,378,343,302,271,244,330,308,345,373,323,304,338,364,320,281,258,234,love
170,224,278,317,349,273,294,304,312,249,245,227,221,222,212,201,199,194,196,191,189,436,433,412,389,378,346,304,273,247,333,307,342,370,325,303,335,360,322,284,260,235,love
197,249,303,345,377,304,329,341,352,280,281,258,245,253,248,234,228,225,231,231,233,407,418,404,387,379,334,294,266,241,320,294,330,358,311,290,325,352,305,266,241,215,love
212,259,313,355,386,316,343,356,367,291,294,270,257,264,262,247,240,237,243,244,248,400,414,402,387,378,332,290,261,236,317,293,329,357,307,284,319,346,301,262,238,213,love
218,265,321,362,393,323,351,365,376,299,304,281,267,273,272,257,250,246,252,254,259,396,411,399,383,376,330,289,262,237,314,291,326,354,304,281,317,343,297,260,236,211,love
217,264,319,360,390,322,348,362,373,298,302,281,268,271,271,257,250,245,252,254,259,392,407,395,379,372,327,287,259,235,311,286,321,349,302,279,314,340,295,257,234,208,love
213,258,311,353,384,317,345,360,372,294,296,272,258,269,265,250,242,243,251,253,257,368,382,372,359,355,308,269,241,217,292,268,300,326,282,258,290,315,275,238,214,190,love
208,248,300,344,377,317,348,366,381,297,296,267,249,273,269,250,239,249,261,265,270,333,351,350,343,344,286,250,224,200,266,245,274,297,253,229,258,282,243,207,183,159,love
212,248,297,339,371,324,358,378,395,308,307,274,256,288,281,258,247,266,281,286,293,294,316,325,325,330,264,232,208,186,244,219,243,264,227,205,229,251,214,181,158,136,love
222,255,303,344,375,334,369,389,406,318,321,288,268,298,296,271,257,277,293,300,310,280,306,314,314,318,254,226,203,184,233,210,229,248,217,197,219,239,204,169,146,125,love
224,258,306,347,380,337,371,392,409,322,323,291,272,302,297,273,260,282,297,303,313,284,309,317,317,321,258,230,207,186,237,211,234,253,220,198,223,245,206,173,151,130,love
221,258,308,350,380,327,359,379,396,309,311,283,266,288,284,264,253,267,281,286,294,294,316,319,313,312,256,223,199,178,237,212,237,258,223,199,227,250,211,176,153,131,love
222,266,315,351,375,308,327,337,343,283,280,262,253,258,250,241,236,233,234,233,235,330,336,318,300,291,257,215,187,163,247,221,252,277,242,220,251,274,240,202,181,159,love
196,230,258,282,296,237,230,223,217,221,210,202,198,206,197,191,188,194,186,179,178,345,334,304,279,257,257,205,175,149,260,243,267,281,269,256,279,292,282,270,283,292,love
104,146,182,208,232,150,147,140,133,122,97,94,97,97,71,73,80,75,54,37,24,377,362,326,290,268,268,219,185,158,270,249,289,320,276,259,290,313,285,250,230,210,love
175,197,211,225,236,182,161,151,142,174,155,147,142,169,153,145,143,166,152,145,144,360,345,315,287,265,270,220,188,162,275,251,274,291,286,270,291,305,300,284,297,306,love
109,150,188,213,234,151,144,138,132,130,105,97,98,110,88,84,90,94,78,76,83,369,356,321,290,267,266,215,181,152,269,242,271,296,276,252,281,303,285,263,281,296,love
98,141,180,210,236,152,151,147,143,125,100,94,96,99,74,73,80,76,57,42,30,369,359,328,295,273,262,214,179,150,261,242,282,313,265,253,287,312,272,236,215,193,love
101,144,184,214,241,160,160,154,149,133,108,101,104,108,82,81,88,84,68,52,41,366,357,326,294,274,261,213,178,150,259,238,277,307,264,250,284,308,270,234,214,192,love
106,147,186,216,242,164,164,159,153,138,112,104,108,112,86,85,92,89,73,58,47,371,361,331,300,278,267,219,185,157,264,244,282,311,267,255,290,314,273,237,217,195,love
113,153,193,223,248,175,175,171,167,149,126,116,118,123,98,95,100,99,84,69,57,383,373,345,314,294,282,233,200,173,279,258,296,324,281,267,300,325,285,249,228,206,love
130,172,213,243,272,196,201,199,197,172,153,144,143,146,127,125,128,123,108,96,88,397,390,361,331,312,296,251,218,192,292,272,308,338,293,278,311,335,296,260,239,217,love
137,181,221,252,278,205,212,211,210,179,164,154,153,153,136,133,136,129,118,106,99,403,398,370,341,322,305,259,228,201,300,279,317,345,301,287,321,346,305,269,247,223,love
130,175,217,250,277,202,210,211,211,177,161,151,150,151,131,129,132,125,116,106,99,413,410,383,353,337,319,274,241,214,314,290,329,358,314,297,330,355,316,280,258,234,love
122,169,212,246,273,198,206,208,208,172,157,146,143,145,125,121,124,119,110,100,93,418,418,391,362,344,324,280,247,219,318,296,335,365,318,304,340,367,320,283,261,237,love
125,172,217,250,279,202,213,216,217,176,164,152,148,148,131,127,129,123,115,106,101,421,421,395,366,350,327,282,249,222,320,298,337,367,319,300,336,362,321,285,262,237,love
